CustomerID,InvoiceNo_nunique,Quantity_sum,UnitPrice_mean,StockCode_nunique,TotalSpend,ActiveDays,PCA1,PCA2,Tier
10362,80,1899,49.41562500000002,80,97660.16,365,2.1173458,0.49130756,Low-Tier
10206,83,1963,51.417710843373484,83,99380.78999999996,361,1.65194,-0.21072184,Low-Tier
10623,117,2945,52.251880341880316,117,157547.23999999996,365,-5.735983,-0.14061137,High-Tier
10817,84,2021,48.72083333333334,84,99506.44999999997,363,1.458468,0.70571727,Low-Tier
10703,88,2006,47.12215909090908,88,93536.95000000001,356,1.4182923,1.045508,Low-Tier
10462,90,2378,49.89555555555558,90,116494.78000000003,358,-0.3110012,0.043899428,Mid-Tier
10914,102,2435,53.53568627450981,102,133382.21999999997,349,-2.1404276,-1.4278158,High-Tier
10081,86,2049,49.20244186046512,86,102206.58000000002,352,1.3115567,0.015696166,Low-Tier
10121,98,2741,49.756326530612256,98,136625.35,347,-2.2541223,-0.55484825,High-Tier
10230,112,2935,47.63874999999998,112,139920.54000000004,361,-4.4444375,1.1839969,High-Tier
10798,101,2289,51.86079207920792,101,121047.44000000003,365,-1.6502118,0.0584091,High-Tier
10708,106,2474,46.524622641509424,106,114937.84999999998,364,-2.1947916,1.8637829,High-Tier
10862,88,2192,46.33920454545454,88,97443.8,345,1.1832243,0.67534494,Low-Tier
10468,92,2415,53.41706521739129,92,132059.11,361,-1.2212981,-1.0614778,Mid-Tier
10768,77,1904,54.49103896103897,77,102592.28000000003,358,2.2907906,-1.5094941,Low-Tier
10745,110,2963,48.236181818181834,110,136848.46,365,-4.2800803,1.2308326,High-Tier
10032,80,1807,47.5335,80,85799.94,365,2.7028155,1.2507461,Low-Tier
10788,95,2333,52.280947368421046,94,128556.0,364,-1.2584944,-0.45704773,Mid-Tier
10840,90,2297,47.277,90,112693.5,359,0.0025981215,0.89820516,Mid-Tier
10395,108,2658,52.59046296296298,108,137832.69,355,-3.4344075,-0.69509214,High-Tier
10815,87,2076,49.71885057471263,87,98924.81,366,0.96853,0.6954845,Mid-Tier
10632,93,2222,48.96516129032256,93,109744.85000000002,365,-0.24595188,0.8573756,Mid-Tier
10527,87,2250,53.87448275862069,87,123250.87999999999,359,-0.07483076,-1.3103435,Mid-Tier
10567,97,2415,46.06360824742268,97,106892.88,362,-0.81914586,1.7690648,Mid-Tier
10264,104,2776,47.99144230769231,104,128255.94,360,-2.915947,0.98640376,High-Tier
10090,79,2047,56.79683544303797,79,120648.94,348,1.388852,-2.957958,Low-Tier
10257,79,1951,46.40493670886075,79,86971.63999999997,360,2.6293254,1.3021711,Low-Tier
10786,101,2378,47.51366336633664,101,106924.33,361,-1.1955837,1.4153383,Mid-Tier
10416,74,1927,47.37581081081082,74,88370.40999999999,357,3.2025576,0.68171877,Low-Tier
10597,79,1974,48.32708860759494,79,96690.92999999995,359,2.2580807,0.5049148,Low-Tier
10611,91,2245,50.71417582417581,91,106184.76,363,0.032411598,0.27641615,Mid-Tier
10013,86,2108,54.394418604651165,86,118490.26,355,0.51170456,-1.6358558,Mid-Tier
10605,91,2180,49.33186813186813,91,105343.35000000002,360,0.2726532,0.5150962,Mid-Tier
10882,77,2121,52.784285714285716,77,110327.45999999998,354,1.7644204,-1.3281598,Low-Tier
10128,102,2475,50.96558823529413,102,128347.93999999997,356,-2.134105,-0.21780592,High-Tier
10143,87,1934,53.258390804597695,87,102519.54000000001,355,1.2527188,-0.99583197,Low-Tier
10443,101,2635,47.983663366336636,101,122272.06000000001,364,-2.222702,1.1872439,High-Tier
10267,101,2342,45.5208910891089,101,109754.30999999995,360,-1.1477188,1.8619735,Mid-Tier
10366,89,2210,48.859101123595515,89,106809.58999999998,366,0.2795634,0.8748318,Mid-Tier
10532,79,1869,42.84683544303798,79,84391.16,351,3.1257079,1.8844409,Low-Tier
10530,99,2337,47.59767676767675,99,110499.79999999996,360,-0.9973636,1.191557,Mid-Tier
10183,79,1918,48.47151898734178,79,94073.72,345,2.714787,-0.21690007,Low-Tier
10558,90,2195,54.56155555555554,90,115402.94,364,-0.1652097,-1.0082142,Mid-Tier
10947,81,2013,54.72530864197531,81,107967.06,354,1.5635879,-1.7407781,Low-Tier
10293,95,2359,44.58768421052631,95,108973.82999999996,362,-0.52819043,2.0684614,Mid-Tier
10912,97,2554,50.55020618556702,97,129735.97000000002,354,-1.739449,-0.36147115,High-Tier
10303,97,2235,50.89927835051546,96,106673.76000000001,359,-0.48021147,0.17325713,Mid-Tier
10435,64,1544,55.940625000000004,63,89591.40999999999,364,4.6636186,-1.8588728,Low-Tier
10022,83,2182,51.321686746987936,83,110930.62999999995,347,1.1603947,-1.0821681,Low-Tier
10195,92,2250,47.79086956521739,92,111042.93000000001,359,-0.0852669,0.83401227,Mid-Tier
10162,96,2394,49.55135416666667,96,117257.85999999999,359,-1.0195367,0.36570406,Mid-Tier
10715,90,2303,53.38611111111111,90,126153.62999999995,360,-0.59361297,-1.0735619,Mid-Tier
10898,96,2529,46.2096875,96,119704.63,355,-1.1887084,1.1005636,High-Tier
10371,97,2368,51.13845360824744,97,119789.18000000002,354,-1.0971398,-0.37391806,Mid-Tier
10168,84,2090,50.052857142857135,84,110293.26999999999,356,1.0998282,-0.2407196,Low-Tier
10290,79,1940,54.16708860759495,79,100485.89000000004,361,2.023105,-1.1469204,Low-Tier
10334,91,2487,53.416923076923084,91,127059.03999999995,364,-1.1528587,-0.81166214,Mid-Tier
10241,87,1969,50.59724137931035,87,101706.61000000002,358,1.2182446,-0.055743817,Low-Tier
10018,106,2721,49.83349056603774,106,136587.58,364,-3.408597,0.53665936,High-Tier
10626,68,1533,53.48573529411764,68,82616.11,345,4.849325,-1.8539858,Low-Tier
10180,92,2104,48.46978260869565,92,102701.56000000004,366,0.29304826,1.1332854,Mid-Tier
10587,80,2097,50.82662499999999,80,109566.49999999999,335,1.9308672,-1.6455797,Low-Tier
10994,69,1745,46.713913043478264,69,82446.55,346,4.495058,0.22377186,Low-Tier
10272,82,1948,49.734146341463436,82,104481.11000000003,356,1.7682543,-0.1300839,Low-Tier
10422,84,2111,48.66797619047618,84,102263.87999999999,359,1.2840433,0.48338735,Low-Tier
10727,83,1800,49.696506024096394,83,91760.44000000003,362,2.2156646,0.44429904,Low-Tier
10096,83,2078,53.765542168674706,83,114676.06000000001,365,0.82731646,-0.96298623,Mid-Tier
10502,98,2259,46.93683673469387,98,99878.93000000001,364,-0.47727105,1.7557628,Mid-Tier
10234,99,2663,46.761919191919205,99,125003.90000000002,363,-2.095917,1.3735482,High-Tier
10414,78,1909,50.03179487179488,78,101850.18000000001,358,2.3055413,-0.19059388,Low-Tier
10295,89,2086,45.994719101123586,89,97130.95000000003,357,1.0576091,1.3965455,Low-Tier
10075,96,2466,52.97833333333332,96,132852.39,346,-1.4661012,-1.5866147,High-Tier
10979,85,2210,48.717294117647064,85,108720.25999999998,352,0.92719424,0.03313131,Low-Tier
10011,73,1814,54.19397260273973,73,95297.17000000001,360,3.0825574,-1.3171253,Low-Tier
10254,84,2267,50.960833333333326,84,114924.79000000001,347,0.778897,-1.0080193,Mid-Tier
10651,82,2100,44.3830487804878,82,95150.11000000003,359,1.8437129,1.7902244,Low-Tier
10345,101,2492,47.358316831683176,101,112606.70000000001,351,-1.3855523,0.8593072,High-Tier
10186,102,2607,48.65519607843138,102,124450.61,364,-2.3613064,0.9724093,High-Tier
10015,102,2488,55.83127450980394,102,128072.10000000002,355,-2.2486432,-1.6466718,High-Tier
10058,100,2393,48.42269999999999,100,113871.15000000001,356,-1.2557113,0.7267607,High-Tier
10580,94,2367,51.046063829787236,94,113943.03000000003,362,-0.74681854,0.094459035,Mid-Tier
10506,83,1944,45.213012048192766,83,85790.44000000003,364,2.200522,1.9928037,Low-Tier
10449,77,1929,53.40662337662339,77,99467.44,355,2.4258394,-1.281458,Low-Tier
10680,99,2463,47.483131313131324,99,118248.14999999995,362,-1.509839,1.2005534,High-Tier
10020,84,2206,51.79416666666667,84,114705.28000000003,362,0.5859433,-0.48789623,Mid-Tier
10354,101,2441,57.518118811881216,101,139580.68999999997,365,-2.64657,-1.9002457,High-Tier
10866,93,2281,54.080107526881726,93,124450.44999999998,357,-0.77960175,-1.304265,Mid-Tier
10177,92,2359,48.00967391304347,92,120424.58000000002,357,-0.54622114,0.5030927,Mid-Tier
10043,89,2166,49.22719101123596,89,107094.23999999999,366,0.34425658,0.75109583,Mid-Tier
10640,94,2410,50.275212765957455,94,119208.76,362,-0.9717327,0.21587127,Mid-Tier
10739,94,2053,49.53978723404257,94,94990.11000000004,360,0.5043775,0.72865593,Mid-Tier
10654,105,2610,48.76961904761906,105,136935.61,357,-2.9410949,0.4099585,High-Tier
10910,102,2819,50.02107843137254,102,138334.11000000002,365,-3.2413557,0.40387064,High-Tier
10445,84,1944,52.98190476190476,84,99246.67000000003,359,1.5855591,-0.73149776,Low-Tier
10861,73,1723,50.95232876712329,73,89497.06999999998,364,3.4331865,-0.091862,Low-Tier
10544,91,2147,44.567802197802216,91,96977.91000000002,344,1.0227914,1.2174892,Low-Tier
10228,103,2586,55.13106796116506,103,141923.74999999997,359,-3.0298738,-1.4739681,High-Tier
10063,95,2433,50.75684210526316,95,125819.91999999998,360,-1.2993941,-0.12607078,Mid-Tier
10881,92,2202,52.70608695652174,92,111906.94,357,-0.10240469,-0.7021194,Mid-Tier
10210,76,1738,49.74486842105263,76,83657.87,353,3.508874,-0.09377294,Low-Tier
10732,114,2738,49.605701754385976,114,131341.18,364,-4.1307116,0.96192795,High-Tier
10565,85,2057,47.87517647058823,85,101307.41000000003,354,1.424791,0.48748073,Low-Tier
10116,107,2391,51.442990654205595,107,118767.70000000001,364,-2.38472,0.38751748,High-Tier
10184,80,1856,55.179125,80,103525.95000000003,356,2.052424,-1.7502062,Low-Tier
10529,82,1969,51.857439024390224,82,97067.38000000003,358,1.8676921,-0.47040758,Low-Tier
10487,72,1930,51.30902777777778,72,98155.88999999998,360,2.9540653,-0.5517329,Low-Tier
10309,92,2252,47.70086956521741,92,103230.88999999998,360,0.1355144,1.076101,Mid-Tier
10094,82,1933,50.88219512195122,82,97052.78999999998,362,1.8809735,0.0029848653,Low-Tier
10252,76,2135,58.39921052631578,76,128063.29999999996,360,1.0421675,-3.0204082,Mid-Tier
10950,77,1735,46.598961038961036,77,85198.65,354,3.4163997,0.8517309,Low-Tier
10368,84,2119,54.08130952380951,84,118659.95999999999,351,0.7863631,-1.8137531,Mid-Tier
10010,94,2219,48.60457446808512,94,113105.72999999995,363,-0.4037535,0.8163812,Mid-Tier
10800,87,2017,52.2251724137931,87,103528.30999999998,354,1.1106414,-0.7497488,Low-Tier
10092,94,2430,45.016170212765964,94,100435.18000000002,356,-0.18242961,1.8077977,Mid-Tier
10276,83,2362,50.20361445783132,83,119987.57999999999,365,0.21720077,0.023290725,Mid-Tier
10539,96,2531,47.9375,96,114604.74999999999,363,-1.2332275,1.1270653,Mid-Tier
10570,97,2204,50.08773195876289,97,107134.41,344,-0.17647585,-0.36960816,Mid-Tier
10864,105,2659,49.37771428571428,105,126689.17000000001,354,-2.671629,0.31242174,High-Tier
10845,107,2457,50.86373831775701,107,122466.32999999996,358,-2.491342,0.18566911,High-Tier
10135,85,1965,48.188588235294105,85,96204.85999999999,359,1.6496667,0.73570997,Low-Tier
10285,91,2202,47.46164835164836,91,101275.14000000001,360,0.4028838,1.1402941,Mid-Tier
10251,92,2073,55.36326086956523,92,116723.73999999999,358,-0.09401593,-1.5471821,Mid-Tier
10728,109,2429,48.01045871559632,109,119248.64,366,-2.6411102,1.5309848,High-Tier
10535,65,1490,54.40415384615385,65,77717.12999999999,362,5.048163,-1.243437,Low-Tier
10913,92,2235,51.44271739130434,92,113336.9,362,-0.27575016,-0.105522834,Mid-Tier
10415,87,2128,53.410459770114954,87,111200.76,364,0.4403259,-0.70296204,Mid-Tier
10082,80,1969,49.584624999999996,80,100355.75999999998,366,1.878987,0.45815173,Low-Tier
10227,102,2515,51.610980392156875,101,127726.26000000001,364,-2.3085704,0.01871841,High-Tier
10684,84,2230,52.03535714285714,84,108558.17,352,0.92134064,-0.93413585,Low-Tier
10600,90,2335,56.7868888888889,90,130745.70999999998,365,-0.97641563,-1.8734434,Mid-Tier
10760,87,2047,47.50701149425288,87,96752.07000000004,361,1.2418789,1.1063738,Low-Tier
10433,101,2944,46.64861386138615,101,139305.32999999996,349,-3.0030134,0.5283868,High-Tier
10747,83,2039,42.41000000000002,83,88899.34999999999,353,2.2098198,2.1888041,Low-Tier
10776,83,2309,51.69469879518071,82,116578.59000000004,356,0.61576015,-0.82326657,Mid-Tier
10823,94,2382,48.56297872340425,94,123538.33999999995,365,-1.0704703,0.7588451,Mid-Tier
10006,89,2282,49.27202247191011,89,116244.26000000002,353,0.097045705,-0.08858468,Mid-Tier
10053,95,2273,50.44284210526313,95,113351.92000000001,366,-0.72331715,0.4876645,Mid-Tier
10165,87,2261,48.81241379310345,86,111150.4,358,0.47559023,0.32393476,Mid-Tier
10049,83,2392,46.194096385542174,83,111490.38000000003,366,0.5020268,1.4053003,Mid-Tier
10209,81,2082,54.759629629629636,81,114009.12999999998,358,1.1679807,-1.6521182,Low-Tier
10084,91,2222,51.80879120879119,91,114987.57999999996,357,-0.106188454,-0.5359737,Mid-Tier
10671,89,2089,52.84561797752807,89,109268.77999999998,350,0.64663106,-1.1708258,Mid-Tier
10037,80,1983,49.70712499999999,80,96815.84999999995,350,2.2727919,-0.32038108,Low-Tier
10469,80,1924,50.534375,80,92398.54000000001,365,2.2062383,0.29043204,Low-Tier
10668,95,2491,51.88936842105263,95,123853.69,361,-1.3943211,-0.33925244,High-Tier
10358,110,2637,49.279727272727285,110,126870.33000000003,362,-3.3267422,0.89432466,High-Tier
10635,97,2581,53.14020618556702,97,133932.81,364,-2.1788638,-0.66641676,High-Tier
10683,101,2613,52.68277227722774,101,137239.72,366,-2.79843,-0.37107283,High-Tier
10007,72,1668,49.957083333333344,72,84214.77000000002,363,3.850914,0.20503996,Low-Tier
10982,90,2270,50.09288888888889,89,119675.95000000004,355,-0.09952367,-0.2802692,Mid-Tier
10286,86,2343,49.12430232558139,86,111612.47,351,0.4907853,-0.12582916,Mid-Tier
10495,93,2500,52.56096774193549,93,133311.59,355,-1.3883255,-1.0967593,High-Tier
10409,83,2045,53.42313253012048,83,113268.90999999999,361,1.0194116,-1.0509125,Mid-Tier
10779,95,2375,52.43410526315789,95,129509.25999999998,362,-1.3849084,-0.59599173,High-Tier
10269,98,2301,49.922040816326536,98,113473.56999999998,352,-0.8145258,0.014137254,Mid-Tier
10648,89,2143,53.524269662921355,89,118118.74000000003,366,-0.05853375,-0.7126683,Mid-Tier
10070,105,2639,48.58028571428571,105,127858.25000000001,351,-2.5922027,0.35514632,High-Tier
10344,79,1928,50.669367088607586,78,102332.97,353,2.2837663,-0.6186364,Low-Tier
10124,112,2820,46.13116071428569,112,129053.00000000001,360,-3.8361259,1.7576827,High-Tier
10240,70,1675,48.69128571428572,70,83344.62000000001,364,4.0905,0.5763948,Low-Tier
10310,73,1783,56.36328767123287,73,105497.74999999997,360,2.7720098,-2.159308,Low-Tier
10079,94,2344,47.73382978723406,94,114833.03999999995,363,-0.6703308,1.064638,Mid-Tier
10166,97,2414,46.803195876288676,97,105900.04999999997,345,-0.47152647,0.70524,Mid-Tier
10889,86,2207,57.59476744186047,86,126685.96999999999,344,0.21000828,-3.2571683,Mid-Tier
10281,107,2781,53.032897196261686,107,135916.05999999997,366,-3.7244925,-0.210401,High-Tier
10885,78,2117,53.0197435897436,78,115470.55999999997,357,1.4408718,-1.3199397,Low-Tier
10236,89,2310,56.55494382022472,89,129908.91,360,-0.69279116,-2.0845428,Mid-Tier
10903,103,2456,48.206116504854364,103,117118.25,358,-1.8300935,0.93311363,High-Tier
10336,100,2527,54.0858,100,136294.07,352,-2.2605863,-1.5262203,High-Tier
10664,95,2180,53.081368421052616,95,120247.10999999993,362,-0.7483701,-0.64229614,Mid-Tier
10604,82,2090,54.25658536585366,82,109168.10000000002,360,1.1686817,-1.2710772,Low-Tier
10421,87,2178,52.252643678160915,87,114693.59000000004,350,0.54082626,-1.15131,Mid-Tier
10140,90,2299,53.271111111111104,90,122541.95999999999,363,-0.5302335,-0.8117447,Mid-Tier
10410,78,1961,51.11474358974359,78,102058.45999999999,362,2.096961,-0.28300327,Low-Tier
10208,87,2132,42.10770114942529,87,93584.84999999999,352,1.4882327,2.2744977,Low-Tier
10377,95,2441,51.93831578947367,95,124630.42,366,-1.4237986,-0.12717532,High-Tier
10518,87,2072,49.178390804597704,87,100588.05,359,1.0747687,0.45365724,Low-Tier
10589,89,2134,56.65887640449441,89,121652.53999999998,364,-0.18814526,-1.7860478,Mid-Tier
10342,69,1749,49.64144927536231,68,84448.42000000001,361,4.1142125,0.103724815,Low-Tier
10352,106,2707,47.56254716981133,106,123450.15,365,-2.939883,1.5079266,High-Tier
10586,87,2261,50.74678160919539,86,119180.4,365,0.04276969,-0.036831718,Mid-Tier
10346,94,2362,48.73212765957449,94,111416.20000000003,363,-0.6225216,0.85722494,Mid-Tier
10984,84,2222,51.5377380952381,84,115543.49000000002,355,0.67334497,-0.7875007,Mid-Tier
10235,98,2505,53.36000000000001,98,140937.33000000005,359,-2.2680483,-1.1249883,High-Tier
10311,95,2105,48.19136842105262,95,97473.11000000003,363,0.19677247,1.2607012,Mid-Tier
10962,87,2302,53.095632183908045,87,118133.04000000004,352,0.14225812,-1.3251494,Mid-Tier
10480,72,1596,46.187083333333334,72,73096.75,364,4.4022326,1.5442449,Low-Tier
10774,98,2537,52.48846938775509,98,129777.82999999996,362,-2.0199943,-0.4781241,High-Tier
10932,95,2270,47.00189473684209,95,99182.26000000001,362,-0.11686776,1.5604595,Mid-Tier
10002,93,2348,48.21774193548388,93,117697.08999999995,361,-0.63183093,0.734165,Mid-Tier
10583,82,2014,50.398048780487784,82,107084.28999999996,365,1.3715236,0.10756412,Low-Tier
10463,99,2301,52.772020202020194,99,122189.52,355,-1.3197865,-0.79702115,High-Tier
10871,80,1945,48.197500000000005,80,90492.66,364,2.302312,0.9514587,Low-Tier
10869,92,2229,57.63956521739131,91,131919.43,366,-1.0153679,-2.0748017,Mid-Tier
10025,97,2500,49.67041237113402,97,117590.00000000003,356,-1.279889,0.23208751,High-Tier
10348,91,2134,51.89175824175825,91,111853.97,348,0.33003852,-0.98177207,Mid-Tier
10514,93,2255,53.812340425531914,94,122482.77,366,-0.8933469,-0.7162518,Mid-Tier
10792,85,2049,48.038,85,96291.39000000001,358,1.5128152,0.7498867,Low-Tier
10650,88,2233,50.54306818181818,88,113728.40000000004,357,0.26481757,-0.23729038,Mid-Tier
10131,83,1985,51.60180722891566,83,100204.96999999999,355,1.6982337,-0.5824769,Low-Tier
10161,112,2834,55.31071428571429,112,158673.49,365,-5.100797,-1.221712,High-Tier
10613,94,2514,50.900744680851055,94,124148.55000000002,357,-1.2368861,-0.29310384,Mid-Tier
10666,91,2278,48.90131868131868,91,106040.56999999998,365,-0.020062905,0.9086311,Mid-Tier
10046,100,2334,49.95289999999999,100,111958.87999999999,365,-1.2994115,0.7761165,Mid-Tier
10966,89,2071,45.1138202247191,89,92002.45999999999,361,1.1876119,1.9568169,Low-Tier
10376,97,2380,51.1722680412371,97,123407.61,357,-1.2912698,-0.30207536,High-Tier
10953,101,2319,52.07425742574257,101,116962.18000000002,363,-1.5459344,-0.010480992,High-Tier
10900,77,1940,50.044285714285714,77,93372.33,359,2.597386,0.014121478,Low-Tier
10485,99,2300,49.72303030303029,99,115077.36999999998,365,-1.2193966,0.735478,Mid-Tier
10407,87,2303,51.645977011494274,87,114377.47999999998,364,0.05689023,-0.21588077,Mid-Tier
10540,82,2161,51.20243902439026,82,105211.45999999998,359,1.252002,-0.34784493,Low-Tier
10318,86,2039,53.76790697674417,86,109117.70000000001,350,1.0444381,-1.5369724,Low-Tier
10697,88,2305,48.630340909090904,88,113260.02999999998,358,0.17130987,0.3901868,Mid-Tier
10948,83,2158,49.02819277108435,83,110196.19000000002,360,1.0292481,0.24816257,Low-Tier
10187,98,2374,52.79234693877551,98,128930.96,366,-1.7740346,-0.38883,High-Tier
10975,104,2619,49.12528846153847,104,129597.63,359,-2.6712525,0.5378289,High-Tier
10894,84,2182,49.04928571428573,84,102572.22,357,1.1713399,0.286092,Low-Tier
10054,118,3060,52.05372881355934,118,163538.01,361,-6.161142,-0.3516954,High-Tier
10791,100,2495,45.63620000000001,100,118512.28,366,-1.7187139,1.9669878,High-Tier
10136,95,2460,50.2077894736842,95,126068.90000000008,354,-1.2268316,-0.27526066,High-Tier
10556,91,2319,50.351208791208784,91,116103.22000000002,363,-0.4046041,0.1926276,Mid-Tier
10215,77,1996,43.27246753246752,77,88522.04000000001,363,2.7289484,2.268544,Low-Tier
10663,81,2089,48.55777777777777,81,102450.99,360,1.6244206,0.4639951,Low-Tier
10461,102,2562,49.510098039215684,102,126828.08000000002,366,-2.4105618,0.7683235,High-Tier
10572,101,2344,49.176534653465346,100,117226.85000000002,361,-1.4377191,0.6991762,High-Tier
10639,87,2184,51.69011494252872,87,115628.79000000001,362,0.27925193,-0.3922316,Mid-Tier
10497,76,1746,47.03381578947369,76,84002.97,352,3.5686984,0.62274766,Low-Tier
10216,95,2191,43.56789473684211,95,93902.63,361,0.29776704,2.576154,Mid-Tier
10928,93,2411,47.51569892473118,93,116021.49000000005,361,-0.6809355,0.9879165,Mid-Tier
10112,97,2514,54.493092783505155,97,135007.4,364,-2.1194751,-1.0942174,High-Tier
10155,103,2532,47.833106796116525,103,126769.82999999999,354,-2.1839998,0.6528359,High-Tier
10294,92,2225,53.07728260869565,92,122510.45999999999,353,-0.40456122,-1.2300215,Mid-Tier
10304,102,2673,48.82313725490195,102,135838.46000000002,363,-2.8221562,0.6526222,High-Tier
10326,84,2006,47.15940476190477,84,98691.66999999998,351,1.7848216,0.54696363,Low-Tier
10610,88,2191,47.57761363636362,88,104421.64,356,0.7234349,0.74038875,Mid-Tier
10915,91,2471,50.16494505494505,91,129218.95999999999,365,-1.1302818,0.11664322,Mid-Tier
10511,80,1906,50.652124999999984,80,97065.53000000001,362,2.1513393,-7.917873E-4,Low-Tier
10973,91,2280,53.719010989010975,91,119039.71999999997,357,-0.386818,-1.1489427,Mid-Tier
10045,77,1834,52.83623376623377,77,98829.42,359,2.5591528,-0.9275324,Low-Tier
10918,81,1895,50.39246913580246,81,95537.78000000001,363,2.0987089,0.18419352,Low-Tier
10019,77,1990,48.64181818181818,77,101635.57999999999,361,2.2427073,0.35729957,Low-Tier
10833,91,1944,52.206923076923076,91,106322.79999999996,361,0.5951053,-0.34244797,Mid-Tier
10562,86,2115,52.509069767441844,86,108615.87,360,0.75228757,-0.631538,Mid-Tier
10937,84,1953,50.374404761904735,84,96749.62999999999,358,1.7290089,0.015627766,Low-Tier
10835,85,2172,51.648941176470586,85,111013.72000000002,364,0.62105685,-0.24528721,Mid-Tier
10396,84,2119,51.69190476190477,84,103707.71999999997,356,1.2095743,-0.56088084,Low-Tier
10338,80,1912,52.23375,80,99450.95999999998,358,2.1061141,-0.7056931,Low-Tier
10746,87,2236,50.84505747126438,87,117190.21,349,0.40862578,-0.83710694,Mid-Tier
10505,98,2368,50.049183673469386,98,117226.50000000003,361,-1.2356858,0.38088655,Mid-Tier
10223,111,2804,47.55171171171171,111,128853.75999999998,360,-3.7272267,1.3216426,High-Tier
10052,107,2692,51.976074766355126,107,137922.49999999997,365,-3.5745559,-0.028673107,High-Tier
10737,101,2670,51.09475247524753,101,133412.92999999993,364,-2.7089548,0.07600981,High-Tier
10839,103,2449,55.86825242718446,103,142798.42000000004,362,-2.8769016,-1.5882578,High-Tier
10323,87,2266,49.90816091954023,87,112505.67999999998,349,0.5202576,-0.4626689,Mid-Tier
10283,82,2046,53.70536585365853,82,107889.02999999998,363,1.2453921,-0.94565934,Low-Tier
10627,85,2306,52.115529411764705,85,117246.45999999999,360,0.24391843,-0.67604834,Mid-Tier
10247,84,1879,46.34595238095238,84,84644.40000000001,363,2.2425838,1.6542637,Low-Tier
10633,92,2377,51.72597826086955,92,131167.55,357,-1.0030079,-0.7772443,Mid-Tier
10138,84,2233,47.467976190476215,84,108013.73000000003,356,0.96528244,0.58578366,Low-Tier
10364,101,2665,50.04643564356436,101,133721.91999999998,359,-2.585729,0.10995357,High-Tier
10667,87,2070,45.711264367816085,87,97392.92,364,1.16383,1.7656608,Low-Tier
10249,106,2663,53.48047169811319,106,144104.12999999998,363,-3.6017654,-0.7295089,High-Tier
10854,82,2213,49.37951219512194,82,107274.40000000002,362,1.0762264,0.29769573,Low-Tier
10211,90,2209,55.547888888888885,90,120669.65,353,-0.16307268,-1.9614605,Mid-Tier
10877,100,2353,45.75150000000001,100,103767.18,362,-0.9204179,1.9976391,Mid-Tier
10643,94,2324,53.089893617021275,94,127172.93000000002,360,-1.0864661,-0.881996,Mid-Tier
10808,90,2168,57.37222222222222,90,127632.77000000002,358,-0.44416767,-2.3831131,Mid-Tier
10536,92,2180,50.32478260869566,92,110262.2,363,-0.06986364,0.3132724,Mid-Tier
10434,85,2125,50.07870588235295,85,110789.87000000001,357,0.8913584,-0.16634715,Mid-Tier
10347,91,2109,46.74373626373627,91,95374.55999999998,361,0.7577717,1.493481,Mid-Tier
10574,90,2236,44.852999999999994,90,102099.44,355,0.5822848,1.5889347,Mid-Tier
10036,105,2590,49.54799999999999,105,130549.46,363,-2.8422918,0.62501323,High-Tier
10569,82,2017,55.29414634146341,82,112479.77999999998,352,1.3343989,-2.0689359,Low-Tier
10390,67,1702,52.359253731343294,67,89023.70000000001,358,4.2142167,-0.98111504,Low-Tier
10807,86,2041,49.03767441860464,86,104053.34,365,1.018731,0.6895054,Mid-Tier
10456,83,1820,48.57975903614458,83,88042.82000000004,348,2.5946856,0.1273052,Low-Tier
10829,95,2347,47.658315789473704,95,107799.68,358,-0.4656512,1.0087827,Mid-Tier
10935,112,2666,54.05874999999999,112,152686.75,354,-4.3546567,-1.3529639,High-Tier
10847,98,2129,46.417346938775495,98,97251.20999999999,354,0.056234635,1.4074405,Mid-Tier
10907,87,2311,49.3374712643678,87,119927.32000000002,366,-0.1130181,0.4304778,Mid-Tier
10091,100,2566,46.09619999999999,100,116221.51000000004,339,-1.2631614,0.5172723,High-Tier
10374,92,2368,50.978369565217385,92,125865.93000000002,359,-0.8429543,-0.35235485,Mid-Tier
10104,88,2218,48.76386363636363,88,110824.40999999999,365,0.26942372,0.73778445,Mid-Tier
10802,101,2425,49.05930693069307,101,120190.31000000003,363,-1.7712486,0.8119005,High-Tier
10411,93,2314,48.46236559139785,93,110713.78999999998,363,-0.39697197,0.90432113,Mid-Tier
10549,107,2738,46.794485981308405,107,129577.19000000003,365,-3.2763333,1.6375335,High-Tier
10501,98,2262,51.01255102040813,98,115886.91,360,-0.9993875,0.052207194,Mid-Tier
10268,85,2217,54.09682352941175,85,114900.73999999999,355,0.53311485,-1.4743315,Mid-Tier
10000,85,2239,52.18035294117648,85,114603.73000000003,363,0.39098406,-0.50423574,Mid-Tier
10899,89,2243,53.16123595505619,89,120982.52999999996,361,-0.22786398,-0.89729124,Mid-Tier
10550,114,2873,49.09464912280703,114,142949.8599999999,360,-4.652439,0.69697976,High-Tier
10838,90,2328,47.65699999999999,90,108165.94999999998,355,0.15382376,0.6886667,Mid-Tier
10507,101,2559,52.93564356435643,101,135670.01999999996,362,-2.5764196,-0.6313893,High-Tier
10260,85,2108,51.48117647058824,85,113170.01999999999,362,0.7174717,-0.36426848,Mid-Tier
10963,89,2282,50.46606741573034,89,116840.53,363,-0.14632341,0.072355926,Mid-Tier
10579,90,2211,50.85122222222222,90,114858.98999999998,362,-0.04896132,-0.03716923,Mid-Tier
10423,93,2687,47.78537634408602,93,123970.86000000002,358,-1.3921502,0.6698841,High-Tier
10582,95,2599,51.206421052631576,95,137919.09999999998,350,-1.8002415,-0.9744971,High-Tier
10998,106,2732,52.4111320754717,106,137714.72000000003,357,-3.3896806,-0.57839704,High-Tier
10458,98,2724,54.25663265306123,98,142419.84,355,-2.667829,-1.5535903,High-Tier
10851,83,2049,52.44506024096386,83,109906.68,361,1.13982,-0.7001442,Low-Tier
10826,94,2326,56.391063829787214,94,128661.95000000004,357,-1.1578308,-2.007996,Mid-Tier
10035,99,2417,47.84797979797982,99,109312.98000000001,363,-1.1753807,1.322646,Mid-Tier
10306,76,1817,49.82605263157895,76,87252.20999999999,364,3.03208,0.39568698,Low-Tier
10088,98,2589,57.91826530612246,98,152160.36000000002,361,-2.923035,-2.5334575,High-Tier
10378,99,2455,48.46535353535354,99,122623.15999999997,357,-1.556281,0.5691751,High-Tier
10926,85,2188,45.83270588235294,85,95930.47,363,1.2191836,1.6835654,Low-Tier
10331,95,2397,54.41694736842104,95,124594.01000000005,343,-0.9499746,-2.0277367,Mid-Tier
10325,79,2135,53.648607594936706,79,114445.95999999999,350,1.4534056,-1.8015006,Low-Tier
10388,101,2597,56.38049504950495,101,146260.94999999998,363,-3.078966,-1.7739304,High-Tier
10017,108,2908,47.20342592592592,108,143553.48000000004,359,-4.0274525,0.998509,High-Tier
10297,92,2353,53.59141304347825,92,124156.25,362,-0.88419235,-0.91147,Mid-Tier
10943,80,1883,48.81624999999999,80,93749.03999999998,358,2.4201357,0.38013455,Low-Tier
10557,88,2303,51.06454545454547,88,118213.79000000002,362,-0.115887314,-0.20305398,Mid-Tier
10117,99,2452,55.962727272727285,99,133500.15,364,-2.2069063,-1.4382566,High-Tier
10571,102,2547,51.16637254901962,102,133081.55999999997,360,-2.4988608,-0.14818068,High-Tier
10698,81,1876,54.40061728395062,81,97359.44000000003,358,2.0783825,-1.2592398,Low-Tier
10875,93,2322,56.520860215053766,93,129587.39999999997,363,-1.1923897,-1.7879324,Mid-Tier
10243,81,2082,51.96543209876544,81,104418.41,339,1.9050862,-1.6300402,Low-Tier
10734,90,2193,47.37122222222223,90,113010.62999999999,357,0.2245616,0.73161083,Mid-Tier
10171,85,1985,53.42623529411764,85,110451.26999999997,355,1.1219934,-1.2570449,Low-Tier
10271,90,2138,54.1681111111111,90,112766.26,356,0.18952885,-1.2682483,Mid-Tier
10265,86,1924,47.819883720930235,86,94179.27,357,1.730088,0.7993631,Low-Tier
10351,106,2698,46.11896226415095,106,125250.68000000005,366,-2.9632642,1.9303142,High-Tier
10207,90,2181,52.06744444444446,90,116049.87999999996,360,-0.02001718,-0.52046233,Mid-Tier
10197,88,2122,45.32522727272727,88,95473.09000000003,353,1.2433951,1.3966131,Low-Tier
10977,81,1835,50.30987654320987,81,93261.14999999997,348,2.577471,-0.5326264,Low-Tier
10339,107,2842,47.71289719626167,107,137828.88999999998,359,-3.6315863,0.92395526,High-Tier
10748,99,2342,45.79737373737374,99,105224.31999999998,350,-0.60371536,1.3034075,Mid-Tier
10101,102,2545,51.57500000000002,102,131869.81000000003,366,-2.5850446,0.06858818,High-Tier
10769,83,2150,45.84590361445783,83,95477.57999999999,346,1.8516502,0.7434403,Low-Tier
10766,88,2041,53.10204545454545,88,114280.33000000002,348,0.72160757,-1.4968001,Mid-Tier
10248,92,2124,50.76847826086957,92,107888.44999999998,361,0.13698117,0.117678426,Mid-Tier
10846,78,2145,51.772051282051294,78,105747.83000000005,360,1.6610733,-0.59725446,Low-Tier
10682,75,2037,43.65826666666666,75,87937.26000000004,359,2.9537573,1.9160261,Low-Tier
10751,97,2453,49.860206185567016,97,123273.16999999998,357,-1.3920105,0.096042,High-Tier
10767,93,2403,49.3694623655914,93,118418.94999999997,364,-0.84402317,0.56082404,Mid-Tier
10720,88,2190,44.6746590909091,88,98753.50000000001,354,1.0106007,1.5841992,Low-Tier
10803,83,2117,51.70192771084338,83,106240.14999999997,362,1.1244135,-0.33992147,Low-Tier
10313,99,2593,48.655252525252536,99,131306.76,355,-2.0492623,0.26963505,High-Tier
10014,83,1996,45.915421686746974,83,91684.40000000004,364,1.903465,1.6836256,Low-Tier
10934,96,2347,50.367708333333304,96,117929.09999999999,364,-1.0700283,0.36210945,Mid-Tier
10397,75,1943,46.418,75,85696.12,362,3.073461,1.30328,Low-Tier
10996,94,2121,50.16297872340425,94,106534.27,365,-0.09365288,0.5847106,Mid-Tier
10190,89,2281,47.49674157303371,89,103794.34000000003,362,0.3513571,1.1418003,Mid-Tier
10074,96,2146,48.731666666666676,96,101489.49000000002,352,0.0905926,0.49940768,Mid-Tier
10001,112,2778,53.821160714285725,112,153001.40999999997,365,-4.7839766,-0.69397724,High-Tier
10841,85,2171,50.41729411764705,85,111612.14000000001,353,0.8498035,-0.47233889,Mid-Tier
10315,77,1880,47.65740259740259,77,90528.69000000002,356,2.9146888,0.58278507,Low-Tier
10394,77,2093,50.67701298701298,77,107316.38,358,1.8830308,-0.46664542,Low-Tier
10520,81,1855,45.17185185185183,81,90299.23000000001,357,2.5803592,1.462752,Low-Tier
10114,93,2734,48.64021505376345,93,129567.99999999997,360,-1.7135253,0.42482218,High-Tier
10742,74,1850,52.64783783783784,74,99363.3,365,2.7215428,-0.6639277,Low-Tier
10266,92,1875,47.91597826086957,92,97951.93000000004,359,1.0198705,0.96475536,Low-Tier
10147,90,2319,48.17499999999999,90,109315.05,357,0.083335176,0.61696416,Mid-Tier
10447,104,2312,50.305,104,117568.11000000003,365,-1.8695877,0.6737165,High-Tier
10517,86,2256,53.267325581395355,85,119673.56999999998,353,0.31791133,-1.414481,Mid-Tier
10828,85,2254,49.166823529411744,85,111708.13999999998,365,0.48664287,0.5229393,Mid-Tier
10524,88,2157,54.132045454545455,88,116852.64999999998,359,0.18405448,-1.2455317,Mid-Tier
10754,87,2289,47.85425287356321,87,117201.83999999998,363,0.107439965,0.7501089,Mid-Tier
10417,89,2266,47.27707865168538,89,109670.03,359,0.26160803,0.9221909,Mid-Tier
10083,89,2198,45.53696629213483,89,109624.90000000001,342,0.7657316,0.5257991,Low-Tier
10056,95,2425,50.975052631578926,95,113814.40999999999,358,-0.8787387,-0.040638287,Mid-Tier
10282,79,2016,54.986329113924064,79,109814.78,358,1.6306163,-1.7088935,Low-Tier
10412,86,2607,51.33686046511628,86,130518.38000000002,356,-0.7411864,-0.8207711,Mid-Tier
10512,70,1553,53.67714285714286,70,85566.84,365,4.109501,-0.8758496,Low-Tier
10341,85,2236,51.14482352941178,85,120107.72999999998,360,0.3100942,-0.4799456,Mid-Tier
10709,88,2248,49.752386363636354,88,113775.56000000007,365,0.09777403,0.402591,Mid-Tier
10115,80,2049,43.31162499999999,80,84155.01,362,2.4616492,2.4052112,Low-Tier
10363,102,2720,57.02205882352939,102,157922.78000000003,362,-3.7739205,-2.1872888,High-Tier
10493,85,1871,45.89929411764706,85,83458.27000000002,358,2.2958212,1.5779105,Low-Tier
10780,79,2060,54.45620253164558,79,116308.04000000001,336,1.7908771,-2.8121967,Low-Tier
10438,85,2068,47.33588235294118,85,94940.66999999997,363,1.438174,1.2409496,Low-Tier
10459,91,2237,48.765494505494495,91,110841.29,355,0.10727513,0.3204645,Mid-Tier
10905,84,2087,47.30333333333335,84,102462.97999999992,350,1.532319,0.3987352,Low-Tier
10498,94,2381,54.30585106382978,94,134794.25,353,-1.3217639,-1.7321985,High-Tier
10986,90,2239,51.39333333333333,90,120430.54000000004,351,-0.0717006,-0.8661214,Mid-Tier
10111,88,2040,49.35556818181818,88,99622.22999999995,361,1.0138826,0.5475575,Mid-Tier
10130,95,2271,46.47947368421052,95,110544.41,365,-0.5166713,1.6246431,Mid-Tier
10578,83,2092,50.1401204819277,83,112264.95999999996,365,0.9638972,0.12535486,Mid-Tier
10369,83,2190,47.32000000000001,83,105729.16000000003,341,1.521305,-0.13789693,Low-Tier
10430,106,2571,52.93981132075471,106,138914.78,364,-3.275087,-0.44153324,High-Tier
10108,84,1985,54.724523809523795,84,100478.30000000002,348,1.6436694,-1.8075303,Low-Tier
10685,88,2187,54.42818181818182,88,115357.00999999998,351,0.32364765,-1.7008356,Mid-Tier
10292,90,2509,46.69366666666666,90,120996.24,352,-0.500532,0.5917152,Mid-Tier
10873,100,2439,50.41440000000001,99,122569.15999999999,365,-1.7823606,0.4364247,High-Tier
10330,80,2096,47.75225000000001,80,97479.13000000002,360,1.8921432,0.769719,Low-Tier
10954,85,2020,50.55552941176471,85,100772.94999999998,365,1.2300534,0.28913635,Low-Tier
10122,100,2495,55.34239999999999,100,135347.84000000003,356,-2.2802148,-1.6682857,High-Tier
10426,92,2346,49.11173913043479,92,116087.86999999997,362,-0.51228786,0.5333786,Mid-Tier
10484,100,2517,47.43350000000001,100,118239.85999999999,363,-1.736445,1.3126044,High-Tier
10107,82,1929,56.55926829268294,82,104645.29999999999,356,1.6328295,-2.0847225,Low-Tier
10289,89,2321,46.02460674157304,89,107853.97000000003,364,0.14729328,1.5904227,Mid-Tier
10220,94,2226,48.731595744680845,94,108468.36999999997,362,-0.2567604,0.82844824,Mid-Tier
10940,103,2560,50.587961165048554,103,128398.11000000003,359,-2.4518163,0.09831929,High-Tier
10442,98,2493,56.24938775510205,98,132439.38,363,-2.1309912,-1.5677109,High-Tier
10897,103,2556,50.053786407767,103,123019.45999999996,366,-2.4018724,0.72238326,High-Tier
10398,83,2027,55.420602409638555,83,102927.34,355,1.4423648,-1.7161909,Low-Tier
10538,93,2527,48.18655913978495,93,127521.81,364,-1.3295474,0.7425048,High-Tier
10367,87,2162,53.85597701149429,87,121399.06999999998,354,0.2458193,-1.5486469,Mid-Tier
10638,92,2361,51.35510869565216,92,115375.17999999998,362,-0.5728732,-0.08677145,Mid-Tier
10099,101,2195,52.124950495049504,101,113493.39,362,-1.1877738,-0.039399076,Mid-Tier
10016,90,2351,52.53388888888889,90,120800.61000000002,361,-0.5166577,-0.65255964,Mid-Tier
10109,98,2562,45.38173469387754,98,110352.94,356,-1.1749662,1.6556946,High-Tier
10026,84,2224,51.298095238095236,84,112941.72999999997,351,0.83434504,-0.8693826,Mid-Tier
10606,73,1895,48.440821917808236,73,90642.91000000002,356,3.2931268,0.23895043,Low-Tier
10949,94,2121,49.03127659574468,94,107704.90000000001,363,-0.06321509,0.7799061,Mid-Tier
10333,85,1910,58.28929411764706,85,106327.53000000003,338,1.6049939,-3.4519885,Low-Tier
10350,98,2350,48.57306122448979,98,114696.08000000002,360,-1.0681115,0.7983294,Mid-Tier
10822,80,2131,53.40375000000002,80,112680.50000000003,360,1.2183744,-1.1511976,Low-Tier
10799,88,2100,50.05625000000002,88,101725.74,345,1.1326544,-0.50121206,Low-Tier
10665,74,1861,53.98513513513512,74,101727.08000000002,366,2.5756228,-1.0403254,Low-Tier
10100,92,2257,46.611630434782604,92,102158.51000000002,357,0.24459958,1.2564796,Mid-Tier
10142,94,2520,45.74170212765958,94,120048.76,348,-0.8194437,0.803157,Mid-Tier
10942,91,2243,50.745384615384594,91,116131.41,362,-0.2530462,0.0061487663,Mid-Tier
10029,92,2029,46.78684782608698,92,96758.09999999998,365,0.67816913,1.6649406,Mid-Tier
10706,94,2295,53.501489361702134,94,132838.34999999998,362,-1.2567508,-1.024268,Mid-Tier
10618,105,2426,51.17457142857142,105,116211.99,364,-2.1500714,0.46679735,High-Tier
10106,86,2072,50.97581395348837,86,116029.90999999997,361,0.62096167,-0.31166476,Mid-Tier
10721,101,2799,50.8267326732673,101,144652.07,357,-3.1551416,-0.40635207,High-Tier
10796,96,2653,47.944479166666646,96,126068.61000000004,363,-1.8170515,0.9192573,High-Tier
10291,90,2146,49.85755555555556,90,112919.35000000002,361,0.17666724,0.21661693,Mid-Tier
10764,84,2090,53.34357142857144,84,109788.95000000003,361,0.9374999,-0.9112513,Mid-Tier
10098,91,2355,44.1378021978022,91,109958.06999999996,365,-0.16986366,2.2065227,Mid-Tier
10225,94,2157,50.70297872340426,94,100581.52000000002,357,0.16679727,0.15546753,Mid-Tier
10365,87,2205,51.181494252873556,86,115174.63999999998,356,0.43748394,-0.55522466,Mid-Tier
10194,105,2547,44.81961904761905,105,114369.32,346,-1.8126831,1.4274511,High-Tier
10735,104,2526,50.7275,104,124818.28999999995,361,-2.4270868,0.25739765,High-Tier
10761,83,2084,51.26433734939761,83,110432.92000000001,366,0.9887039,-0.1075001,Mid-Tier
10172,90,2263,52.372555555555564,90,116684.28000000003,358,-0.16158007,-0.69969714,Mid-Tier
10849,91,2400,51.57285714285715,91,122266.22,356,-0.6398553,-0.6215082,Mid-Tier
10740,89,2220,49.86842696629215,89,115506.44999999997,356,0.16282336,-0.106957965,Mid-Tier
10660,81,1983,48.971111111111114,81,93308.95000000003,359,2.1157238,0.45637462,Low-Tier
10925,100,2378,45.51700000000001,100,113378.35,365,-1.3179737,2.0235946,High-Tier
10647,81,1708,51.75555555555555,81,92788.22,356,2.638274,-0.56066513,Low-Tier
10531,88,2411,53.26113636363636,88,129423.49000000003,359,-0.66008073,-1.1879488,Mid-Tier
10526,86,2278,53.21000000000001,86,118780.14999999998,362,0.07582669,-0.8950983,Mid-Tier
10906,93,2365,50.82010752688173,93,115513.78999999998,357,-0.5810017,-0.1623354,Mid-Tier
10657,94,2331,48.98329787234044,94,111595.10999999999,356,-0.43896374,0.41311336,Mid-Tier
10964,87,2121,51.807701149425284,87,105411.73000000001,332,1.2984804,-1.7706488,Low-Tier
10758,89,2414,51.641685393258435,89,130520.53000000001,362,-0.82634604,-0.56372947,Mid-Tier
10472,85,2099,47.80435294117648,85,98499.64000000004,339,1.7285626,-0.19181333,Low-Tier
10607,84,2316,54.855714285714285,84,124601.13,336,0.50816315,-2.8730526,Mid-Tier
10976,103,2587,50.63563106796116,102,131304.01999999996,365,-2.6574564,0.3244118,High-Tier
10813,94,2181,52.10478723404254,94,114773.13000000002,354,-0.29299718,-0.6900915,Mid-Tier
10772,105,2842,50.54942857142857,105,138489.34999999995,361,-3.5456147,0.14297894,High-Tier
10939,97,2206,51.301752577319576,97,115914.43999999996,362,-0.8342157,0.025038712,Mid-Tier
10205,83,2337,42.42036144578315,83,97483.85,348,1.4831861,1.8349538,Low-Tier
10669,91,2355,50.286923076923074,91,114693.03000000003,362,-0.40724808,0.19973527,Mid-Tier
10040,103,2746,47.173398058252424,103,129133.38000000003,359,-2.7401378,1.1103929,High-Tier
10003,71,1968,50.12169014084507,71,94854.39000000001,365,3.0233114,0.093636505,Low-Tier
10909,88,2217,51.2925,88,113334.48,350,0.42588964,-0.8070154,Mid-Tier
10061,87,1849,50.10275862068966,87,93033.21999999997,358,1.7237566,0.23287416,Low-Tier
10475,104,2739,48.681538461538466,103,138728.9100000001,351,-2.9578023,0.08059671,High-Tier
10425,101,2578,51.53009900990098,101,132885.52,366,-2.5699682,0.03899696,High-Tier
10300,86,2001,50.386162790697675,86,98554.56000000003,362,1.2899568,0.25504017,Low-Tier
10163,110,2788,49.69227272727272,110,142225.29999999993,365,-4.1540384,0.65159273,High-Tier
10200,96,2546,48.076562499999994,96,120016.05000000002,361,-1.3931258,0.87509316,High-Tier
10246,93,2261,53.37591397849465,93,121599.95000000001,351,-0.51919997,-1.3576622,Mid-Tier
10012,91,2169,56.82010989010988,90,123033.37000000001,354,-0.26548222,-2.318871,Mid-Tier
10451,90,2149,46.63088888888888,90,98511.44000000003,363,0.6565178,1.5434185,Mid-Tier
10201,82,2120,45.66121951219512,82,102624.46999999997,359,1.5436835,1.2743247,Low-Tier
10169,85,2198,43.485882352941175,85,95907.07999999996,349,1.5324483,1.6365478,Low-Tier
10743,101,2551,54.26316831683168,101,136025.53,366,-2.683063,-0.81409,High-Tier
10690,89,2064,48.58314606741574,89,103232.03,360,0.7881993,0.67797506,Mid-Tier
10901,76,1713,48.22565789473684,76,86226.95999999998,354,3.4935153,0.3293348,Low-Tier
10687,89,2438,54.37280898876405,89,134352.48,350,-0.8213529,-2.0326376,Mid-Tier
10686,85,2091,49.61247058823529,85,106242.87999999999,352,1.2051619,-0.20455262,Low-Tier
10044,87,2186,43.930689655172415,87,99304.79000000004,366,0.8913511,2.369555,Mid-Tier
10637,89,2411,44.357977528089876,89,105044.39,365,0.08657313,2.2022734,Mid-Tier
10212,115,3072,49.61913043478261,114,155907.35,365,-5.590989,0.6048471,High-Tier
10141,97,2404,47.87185567010308,97,117431.22999999995,356,-1.0513328,0.72019565,Mid-Tier
10733,79,2199,50.755063291139244,79,114614.15,352,1.3594375,-0.8587624,Low-Tier
10119,81,1965,48.65074074074074,81,89478.83000000002,363,2.1975112,0.8286479,Low-Tier
10917,99,2432,45.67252525252526,99,109292.96,365,-1.1891515,2.0503721,Mid-Tier
10983,75,1940,49.457599999999985,75,96995.20999999998,365,2.5964992,0.35219476,Low-Tier
10995,88,2221,46.748863636363645,88,101374.05999999997,364,0.62504613,1.4606413,Mid-Tier
10990,79,2053,51.11012658227847,79,103855.24999999999,356,1.8792558,-0.57043874,Low-Tier
10489,90,2323,55.729000000000006,90,131011.72999999995,361,-0.85809517,-1.7865162,Mid-Tier
10479,90,2267,48.28355555555556,90,108019.13999999998,353,0.29662743,0.39260644,Mid-Tier
10811,89,2360,48.4038202247191,89,119189.57,343,0.07663839,-0.39426124,Mid-Tier
10534,79,1848,47.45746835443038,79,86734.96,357,2.8628523,0.8229518,Low-Tier
10259,90,2313,53.584666666666664,90,123688.58999999997,355,-0.4429066,-1.332299,Mid-Tier
10392,91,2486,50.78131868131869,91,132908.49999999997,362,-1.2288778,-0.286538,Mid-Tier
10911,91,2288,52.416413043478265,92,118201.86000000002,354,-0.3390633,-0.89647245,Mid-Tier
10956,90,2369,45.82033333333333,90,115884.95999999999,361,-0.23492534,1.3700125,Mid-Tier
10961,91,2287,48.541868131868114,91,113680.22000000002,358,-0.12766929,0.49317098,Mid-Tier
10561,105,2733,46.34628571428571,105,130013.93000000002,359,-2.937501,1.38509,High-Tier
10625,101,2420,50.611881188118815,101,121063.01,355,-1.6699572,-0.06162844,High-Tier
10237,93,2257,53.169999999999995,91,120276.15,361,-0.55430573,-0.7890409,Mid-Tier
10476,85,2157,51.17247058823529,85,115520.89999999997,362,0.5603456,-0.31148943,Mid-Tier
10797,97,2498,48.48917525773196,97,119594.99000000002,358,-1.3486861,0.6288092,High-Tier
10448,94,2506,48.086063829787214,94,128507.95000000004,364,-1.4255718,0.77489483,High-Tier
10958,84,2047,47.199761904761885,84,100599.63,341,1.8437887,-0.0066521945,Low-Tier
10134,91,2220,47.893956043956045,91,104467.91999999998,356,0.33811215,0.7495281,Mid-Tier
10724,95,2428,48.99968421052632,95,129459.4,364,-1.4383583,0.5023228,High-Tier
10470,99,2738,47.328989898989896,99,131716.88,359,-2.379802,0.8868533,High-Tier
10765,90,2292,42.828666666666656,90,105222.53,358,0.37107864,2.2707367,Mid-Tier
10801,80,1814,48.298624999999994,80,83130.40999999999,350,3.0475724,0.3200455,Low-Tier
10785,77,1766,45.950779220779225,77,87584.45,362,3.143482,1.4064144,Low-Tier
10393,91,2140,45.944285714285705,91,97452.60000000003,353,0.81145704,1.2755549,Mid-Tier
10167,90,2214,49.9602222222222,90,114170.26999999999,355,0.12551904,-0.127515,Mid-Tier
10213,115,3058,52.456695652173906,114,165385.9,362,-5.8685217,-0.56184924,High-Tier
10617,87,2309,47.08597701149425,87,110045.69000000005,365,0.27108088,1.228376,Mid-Tier
10057,70,1733,44.43071428571428,69,76962.85,366,4.2974906,2.0296462,Low-Tier
10930,82,2340,51.64670731707316,82,121335.58999999998,346,0.66103524,-1.4298713,Mid-Tier
10261,79,2221,53.989620253164574,79,124393.04000000002,362,0.7408527,-1.466424,Mid-Tier
10615,84,1887,53.12452380952382,84,101023.01000000001,365,1.5163788,-0.51781785,Low-Tier
10837,78,1795,48.74641025641026,78,88145.23,341,3.3078408,-0.44243848,Low-Tier
10482,96,2284,49.257291666666674,96,112248.72999999998,363,-0.72946393,0.72851115,Mid-Tier
10863,85,2147,49.91635294117646,85,104547.17000000003,350,1.1845145,-0.34195328,Low-Tier
10551,70,1846,50.39542857142856,70,97957.38,358,3.3935878,-0.47558033,Low-Tier
10559,89,2095,51.46033707865169,89,109764.05000000002,365,0.3599239,-0.013777934,Mid-Tier
10024,80,2123,46.076499999999996,80,98214.93,364,1.781153,1.4453521,Low-Tier
10154,76,1823,52.475526315789466,76,91946.23000000001,361,2.8698099,-0.61084086,Low-Tier
10850,101,2622,53.3279207920792,101,133526.75999999998,360,-2.5984745,-0.7825287,High-Tier
10946,84,2131,48.905476190476186,84,107657.64999999997,366,0.93664,0.66767216,Mid-Tier
10945,107,2575,46.96495327102804,107,116728.27000000002,353,-2.342049,1.195319,High-Tier
10477,70,1635,51.383571428571436,70,80922.48,346,4.52758,-1.0767425,Low-Tier
10317,102,2330,52.65264705882351,102,123995.75,365,-1.9448899,-0.18684061,High-Tier
10381,83,2084,53.00120481927711,83,109223.58000000003,356,1.1797963,-1.0910546,Low-Tier
10009,84,2058,51.45404761904762,84,103972.73999999998,363,1.1843574,-0.15669759,Low-Tier
10133,96,2428,45.493020833333325,95,114001.12999999999,349,-0.63421863,1.0718671,Mid-Tier
10464,99,2575,47.44373737373738,99,124936.72999999995,357,-1.8279754,0.8466432,High-Tier
10614,96,2369,56.49520833333332,96,129455.42000000003,348,-1.3038027,-2.4431293,High-Tier
10722,87,2075,54.33183908045978,87,112487.49000000002,363,0.49698687,-1.05953,Mid-Tier
10859,88,2418,49.85829545454545,88,121369.98000000001,354,-0.24312007,-0.30325258,Mid-Tier
10870,91,2314,50.056153846153855,91,111102.73,356,-0.09609159,0.02083814,Mid-Tier
10510,110,2873,48.67490909090909,110,133840.11999999997,363,-3.9897444,1.0401148,High-Tier
10255,94,2337,50.709574468085094,94,113938.97,365,-0.74105126,0.33589768,Mid-Tier
10349,95,2186,52.69810526315789,95,112489.09000000004,357,-0.41210473,-0.6249082,Mid-Tier
10879,92,2128,48.479565217391304,92,106119.84000000001,358,0.29867074,0.6544164,Mid-Tier
10137,95,2501,54.822210526315764,95,140230.38,359,-1.9523606,-1.6199551,High-Tier
10473,92,2190,56.11391304347828,92,124594.65000000001,361,-0.63404405,-1.7386415,Mid-Tier
10424,98,2445,51.10877551020408,98,127110.45999999999,348,-1.4572109,-0.77488023,High-Tier
10757,66,1782,52.01424242424243,66,97722.47,356,3.94975,-1.175991,Low-Tier
10795,83,2008,51.6879518072289,83,108000.28,366,1.1961675,-0.19917665,Low-Tier
10391,98,2351,54.591632653061204,98,126358.78,364,-1.6558484,-0.9570785,High-Tier
10033,93,2395,48.5656989247312,93,115862.77000000002,362,-0.6911523,0.7386621,Mid-Tier
10673,92,2259,51.45554347826088,92,120970.39,364,-0.5966123,-0.16011748,Mid-Tier
10656,100,2528,52.75609999999999,100,132773.25,364,-2.3561404,-0.4560893,High-Tier
10446,88,2194,51.02590909090909,88,114836.85999999999,361,0.21348965,-0.2040731,Mid-Tier
10541,87,2191,42.9016091954023,87,89416.9,358,1.3699136,2.46143,Low-Tier
10723,100,2436,52.928200000000004,100,129049.01999999997,363,-2.0529907,-0.5049221,High-Tier
10496,90,2187,51.24266666666666,90,107513.54000000001,359,0.27273825,-0.15527283,Mid-Tier
10619,90,2146,51.01522222222223,90,110828.02000000002,355,0.33080798,-0.377703,Mid-Tier
10385,82,2176,51.884390243902445,82,105891.12999999999,353,1.3037845,-0.8605203,Low-Tier
10781,87,2281,46.716896551724126,87,107018.11000000002,360,0.52422386,1.1322343,Mid-Tier
10340,93,2381,51.70903225806453,93,122859.64000000006,363,-0.9776137,-0.2574021,Mid-Tier
10560,91,2245,49.06703296703296,91,106782.09000000001,364,0.034374822,0.7847831,Mid-Tier
10077,89,2059,47.28483146067416,89,96744.57000000002,362,0.9908705,1.2859846,Mid-Tier
10824,95,2128,52.389894736842095,95,116708.39000000004,366,-0.60286605,-0.18026613,Mid-Tier
10380,89,2226,46.38550561797752,89,105959.42000000004,352,0.6102703,0.88310605,Mid-Tier
10062,92,2199,47.42510869565217,92,95923.08999999998,362,0.42868233,1.3959032,Mid-Tier
10634,91,2376,46.75648351648353,91,105370.15000000002,360,-0.032872405,1.3057704,Mid-Tier
10078,87,2152,48.72080459770116,87,100461.31000000001,366,0.80278546,0.96978116,Mid-Tier
10263,100,2536,53.44049999999999,100,138225.38000000006,365,-2.5762055,-0.7122549,High-Tier
10563,77,1919,47.530389610389605,77,88134.99,361,2.8208833,0.9376824,Low-Tier
10483,88,1897,48.490681818181834,88,92123.81,344,1.8680979,0.036734927,Low-Tier
10806,103,2426,50.012621359223296,103,125348.94,366,-2.2293859,0.64722544,High-Tier
10896,100,2428,48.437699999999985,100,121772.70000000003,364,-1.723065,0.9774351,High-Tier
10319,90,2333,48.75488888888889,90,110904.15000000001,361,-0.0845618,0.62782913,Mid-Tier
10872,77,1867,49.9125974025974,77,90135.06000000001,356,2.8964086,-0.05560569,Low-Tier
10868,106,2747,50.79632075471698,106,135279.00999999998,357,-3.3030982,-0.062414985,High-Tier
10431,63,1675,51.22619047619047,63,89305.91000000002,342,5.026154,-1.6165915,Low-Tier
10612,91,2123,47.53791208791208,91,97652.20999999999,363,0.60251534,1.3259869,Mid-Tier
10503,86,2225,54.29058139534884,86,117777.7,352,0.37579376,-1.7113516,Mid-Tier
10486,85,2322,52.19988235294119,85,121901.41000000003,363,0.008963806,-0.63926923,Mid-Tier
10602,90,2258,49.907333333333334,90,115589.4,355,3.9824433E-4,-0.12950248,Mid-Tier
10554,79,1948,48.797974683544304,79,85723.34999999998,364,2.5370722,0.8509422,Low-Tier
10316,89,2363,49.517078651685416,89,115364.45000000003,358,-0.13139983,0.14060436,Mid-Tier
10287,86,2098,51.663372093023256,86,111166.38000000005,365,0.6277874,-0.19215642,Mid-Tier
10471,99,2426,52.59050505050505,99,131514.16999999995,366,-2.0538597,-0.33991572,High-Tier
10004,91,2099,49.19065934065934,91,105554.05000000002,362,0.3821853,0.6301069,Mid-Tier
10653,81,1813,51.538641975308664,81,87902.71000000005,360,2.5197217,-0.1598524,Low-Tier
10072,85,2278,48.462588235294135,85,107730.59999999999,360,0.67990315,0.55748045,Mid-Tier
10105,90,2370,50.939111111111124,90,115502.99999999999,361,-0.34942928,-0.08087429,Mid-Tier
10093,87,1954,54.59885057471265,87,104783.11999999998,351,1.1908942,-1.6253424,Low-Tier
10181,86,2281,56.464999999999996,86,128170.41999999995,356,-0.18221907,-2.3281498,Mid-Tier
10068,92,2242,51.71826086956523,92,114120.48,354,-0.16313751,-0.6096361,Mid-Tier
10677,89,2155,48.06842696629214,89,103478.16,364,0.54420483,1.0515745,Mid-Tier
10599,104,2539,53.9144230769231,104,132682.13999999996,362,-2.7920566,-0.7614832,High-Tier
10716,79,1981,47.44544303797469,79,96548.87,363,2.1924498,0.96682876,Low-Tier
10224,88,2122,50.69193181818182,87,108388.57999999996,363,0.57069504,0.09336529,Mid-Tier
10957,80,1947,47.88237500000001,80,91472.6,356,2.4325755,0.61013865,Low-Tier
10150,87,2061,53.885287356321825,87,106569.78,352,0.9328029,-1.3769958,Low-Tier
10452,75,2037,48.925200000000004,75,101429.75999999998,363,2.3295033,0.3360763,Low-Tier
10402,72,1889,49.42513888888888,72,90628.41999999998,356,3.3881705,-0.07370924,Low-Tier
10144,87,1967,48.30540229885058,87,92785.83000000002,362,1.4756327,0.9903685,Low-Tier
10312,83,1914,49.300120481927706,83,96791.45000000001,353,2.0321412,0.022082243,Low-Tier
10573,93,2380,45.761397849462334,93,106926.51,362,-0.31811357,1.7218508,Mid-Tier
10662,94,2187,51.426702127659574,93,113184.03000000003,358,-0.26325747,-0.27136722,Mid-Tier
10103,96,2171,54.81541666666667,96,118146.73000000003,359,-0.7571417,-1.2185749,Mid-Tier
10681,89,2181,52.18853932584268,89,121115.77000000002,355,0.025373926,-0.94918954,Mid-Tier
10170,102,2543,46.387941176470605,102,114402.78000000004,366,-1.9142476,1.9144115,High-Tier
10465,94,2608,51.94351063829786,94,135912.10000000003,360,-1.8614633,-0.6564827,High-Tier
10895,101,2475,50.671089108910905,101,118699.03000000003,348,-1.5641505,-0.37244284,High-Tier
10522,102,2543,54.604705882352945,102,139491.96,364,-2.8518345,-1.0589182,High-Tier
10073,97,2309,51.57154639175258,97,121395.65999999999,366,-1.2818972,0.06827877,Mid-Tier
10902,95,2428,49.160631578947374,95,119413.30999999998,360,-1.0528094,0.46238202,Mid-Tier
10343,85,1968,48.11011764705882,85,94891.48999999999,364,1.58869,1.0435437,Low-Tier
10028,86,2302,47.99116279069767,86,110458.91,362,0.41543847,0.77481437,Mid-Tier
10405,102,2578,48.336078431372535,102,127600.25000000003,362,-2.3575659,0.88585323,High-Tier
10453,83,2144,42.6878313253012,83,98460.31000000001,365,1.4751538,2.555553,Low-Tier
10427,87,2114,52.69804597701149,87,110143.28,358,0.6341558,-0.7900161,Mid-Tier
10509,79,2117,48.69632911392405,79,101807.99,362,1.7638841,0.48773035,Low-Tier
10132,105,2619,47.17514285714285,105,134104.23999999996,362,-2.929445,1.1836672,High-Tier
10400,86,2207,51.96174418604651,86,107564.72000000002,361,0.60614824,-0.37520605,Mid-Tier
10553,87,2272,51.88896551724136,87,118398.91999999998,364,-0.0154607855,-0.3788368,Mid-Tier
10755,106,2614,53.82971962616823,107,134645.02000000002,363,-3.279126,-0.62886786,High-Tier
10736,110,2775,46.9110909090909,110,129305.98000000001,358,-3.5248501,1.3529084,High-Tier
10440,90,2222,49.77399999999999,90,114696.24000000003,357,0.059591636,0.019604549,Mid-Tier
10528,97,2712,43.9898969072165,97,119360.43,362,-1.7114214,2.1842272,High-Tier
10149,100,2373,45.154699999999984,100,110597.14000000001,362,-1.1549028,2.0298066,Mid-Tier
10831,81,2068,51.17876543209877,80,100149.02999999998,360,1.7249703,-0.25616017,Low-Tier
10199,97,2483,50.54298969072165,97,125152.25000000001,364,-1.6601356,0.23029312,High-Tier
10810,81,1809,51.451851851851856,81,99501.9,359,2.1897042,-0.43185377,Low-Tier
10794,79,1864,45.00696202531646,79,83431.28,362,2.8968244,1.8526719,Low-Tier
10620,92,2296,49.54510869565219,91,108357.04999999997,353,0.040208,0.080204025,Mid-Tier
10086,72,1900,45.35527777777778,72,89539.48,352,3.5785825,0.90706813,Low-Tier
10202,79,2028,51.9246835443038,79,103751.44000000002,362,1.7919939,-0.4994105,Low-Tier
10525,80,2149,48.79087500000001,80,101611.65000000002,359,1.6591738,0.3506809,Low-Tier
10904,91,2496,49.538241758241774,91,126890.35999999997,360,-0.9918461,0.09465929,Mid-Tier
10980,82,1967,53.00109756097561,82,106963.20000000001,363,1.4392374,-0.7484037,Low-Tier
10356,90,2296,49.403333333333315,90,112080.55000000002,359,-0.028245552,0.30466035,Mid-Tier
10176,96,2483,49.18083333333333,96,114240.14000000001,357,-1.0446894,0.45799667,Mid-Tier
10820,75,1845,54.72293333333334,75,104035.92999999998,361,2.506819,-1.5302405,Low-Tier
10067,110,2601,49.405636363636354,110,131858.04999999996,363,-3.4363878,0.7943346,High-Tier
10080,83,2192,45.86096385542167,82,99727.17999999996,360,1.420383,1.3660142,Low-Tier
10978,86,2102,52.21767441860465,86,107722.84,364,0.7330427,-0.32790136,Mid-Tier
10787,91,2363,46.80318681318683,91,105834.62,361,-0.04361643,1.3302815,Mid-Tier
10408,94,2501,50.880425531914916,94,131524.18999999997,362,-1.5383786,-0.18942997,High-Tier
10302,93,2400,48.90333333333334,93,120261.08999999995,360,-0.80576754,0.4484966,Mid-Tier
10927,90,2201,51.710888888888896,90,112154.65,362,0.032626864,-0.22821498,Mid-Tier
10129,101,2385,50.97138613861385,100,120448.20000000003,360,-1.6383691,0.08024745,High-Tier
10095,83,2025,49.9921686746988,83,105929.33999999998,366,1.2696743,0.33279124,Low-Tier
10972,92,2211,52.06913043478261,92,119418.58,359,-0.37558362,-0.57328165,Mid-Tier
10027,78,1953,48.656794871794865,78,91627.72999999998,358,2.5730903,0.42939755,Low-Tier
10858,89,2376,50.26134831460672,89,124092.36000000002,363,-0.5420859,0.005417461,Mid-Tier
10710,105,2544,50.21533333333335,105,122803.40999999995,358,-2.434491,0.32751295,High-Tier
10782,85,2195,47.08164705882352,85,102924.09999999998,363,0.95911515,1.1823335,Mid-Tier
10359,96,2601,46.3346875,96,122242.26,366,-1.6207247,1.5977409,High-Tier
10457,72,1795,43.98444444444444,72,80611.11,365,3.8305552,2.123291,Low-Tier
10701,99,2224,54.13030303030305,99,121129.07000000002,362,-1.3127793,-0.8246069,Mid-Tier
10675,95,2405,45.7658947368421,95,109492.70999999999,358,-0.5807644,1.5295042,Mid-Tier
10361,104,2896,48.65153846153847,104,138822.5,360,-3.4841146,0.6107184,High-Tier
10382,100,2549,45.26879999999999,100,111459.27,356,-1.3966862,1.7220465,High-Tier
10308,92,2529,51.669891304347836,92,135638.94999999998,363,-1.5424958,-0.5028022,High-Tier
10860,88,2195,53.593977272727265,88,112692.93999999994,362,0.1959824,-0.839343,Mid-Tier
10594,92,2237,48.22445652173913,92,111086.13,364,-0.17072003,0.96265525,Mid-Tier
10008,80,1861,52.256875,80,91746.48999999999,361,2.380964,-0.41077334,Low-Tier
10700,95,2178,48.10484210526316,95,106008.51000000001,357,-0.084736355,0.81860346,Mid-Tier
10005,103,2427,59.15126213592236,103,143663.58999999997,357,-2.8443537,-2.8057117,High-Tier
10454,90,2414,52.73888888888888,90,118657.31999999996,355,-0.45580974,-0.9558638,Mid-Tier
10327,89,2257,52.3952808988764,89,115789.16000000003,351,0.12122573,-1.0794122,Mid-Tier
10233,76,1885,48.613289473684205,76,90856.80000000002,366,2.7833283,0.7881023,Low-Tier
10152,107,2530,51.88130841121497,107,132962.84999999998,363,-3.0758877,-0.04719132,High-Tier
10731,91,2124,55.25109890109889,91,122912.74000000002,364,-0.38876957,-1.3529387,Mid-Tier
10886,80,1968,51.636625,80,107073.38999999998,361,1.7208681,-0.5254695,Low-Tier
10174,96,2412,48.81739583333333,96,110835.06999999999,366,-0.97362894,1.0751079,Mid-Tier
10355,97,2415,50.01216494845363,97,125863.34000000008,359,-1.4438795,0.08990577,High-Tier
10125,90,2574,50.69344444444445,90,135409.84,365,-1.4205986,-0.16497588,High-Tier
10631,85,2048,50.95211764705881,85,102703.07999999999,364,1.127751,0.09221101,Low-Tier
10087,73,1855,51.89123287671231,73,95666.92,349,3.2657182,-1.2217956,Low-Tier
10432,80,2052,50.324375,80,103671.6,363,1.6615287,0.047466066,Low-Tier
10127,88,2026,51.79000000000001,88,111376.01999999999,363,0.57775515,-0.29517496,Mid-Tier
10490,101,2429,47.09732673267327,100,112939.23999999996,366,-1.5116134,1.6638541,High-Tier
10960,77,2168,52.54480519480519,77,115843.17999999996,359,1.4134127,-1.1053835,Low-Tier
10812,78,1913,56.97179487179488,78,113361.18999999996,365,1.6357148,-2.0504436,Low-Tier
10065,95,2346,49.71084210526315,95,116276.72000000002,350,-0.6195079,-0.16619274,Mid-Tier
10938,96,2420,49.16166666666668,96,118294.58999999997,362,-1.1496546,0.6167024,Mid-Tier
10753,77,2000,47.68649350649351,77,94360.65,366,2.3745537,1.0426426,Low-Tier
10750,85,2147,54.976941176470575,85,116261.17000000003,364,0.42448428,-1.3117564,Mid-Tier
10770,84,1978,41.51071428571428,84,86335.03,339,2.592352,1.7925708,Low-Tier
10696,92,2089,51.62184782608697,92,102306.40000000004,365,0.27634397,0.1872839,Mid-Tier
10474,86,2192,53.67732558139535,86,113114.02000000002,349,0.6557374,-1.6021215,Mid-Tier
10641,80,2069,45.85737500000002,80,94113.66999999995,366,1.9755157,1.6812129,Low-Tier
10159,83,1965,51.20554216867468,83,100782.22000000002,365,1.5316017,0.02639325,Low-Tier
10955,94,2392,48.450851063829795,94,118714.81,357,-0.7804094,0.48416212,Mid-Tier
10279,82,1923,50.846585365853656,82,98338.78000000001,355,1.9978642,-0.37656596,Low-Tier
10584,90,2294,50.80144444444444,90,113885.32,361,-0.15355684,-0.029702239,Mid-Tier
10965,97,2601,44.75381443298971,97,122228.83999999997,362,-1.6108066,1.8737496,High-Tier
10718,104,2530,50.7151923076923,104,132307.97999999998,363,-2.7054036,0.2071719,High-Tier
10595,85,2013,50.76823529411766,85,103269.63999999998,357,1.3173779,-0.237205,Low-Tier
10830,83,2050,50.89337349397591,83,114876.23000000001,366,0.923838,-0.105190486,Mid-Tier
10320,100,2792,52.5848,100,143021.85000000003,358,-3.046587,-0.85447425,High-Tier
10444,99,2566,47.282929292929296,99,114357.72999999998,358,-1.499169,1.1639652,High-Tier
10153,71,1817,50.479859154929585,71,93640.2,348,3.6681674,-0.9004716,Low-Tier
10404,81,1932,51.52432098765433,81,96456.17999999998,346,2.3063886,-1.0206262,Low-Tier
10752,107,2875,53.30111111111111,108,156160.33000000002,364,-4.548571,-0.7731241,High-Tier
10993,93,2279,49.40096774193548,93,109233.85999999996,361,-0.26919582,0.5549408,Mid-Tier
10920,100,2849,51.5842,100,149111.96,364,-3.4352043,-0.37251663,High-Tier
10238,94,2248,49.23095744680852,94,105300.95999999998,365,-0.27080208,0.91334593,Mid-Tier
10375,93,2280,47.49204301075268,93,103349.31000000001,364,-0.10118091,1.3774606,Mid-Tier
10880,79,1998,57.393417721519,79,113453.10999999999,351,1.6302588,-2.8366404,Low-Tier
10066,82,2152,52.06926829268292,82,111527.86000000003,353,1.1697047,-1.0388781,Low-Tier
10059,72,1960,48.718333333333334,72,94594.64000000001,364,2.9927728,0.47606146,Low-Tier
10763,107,2464,46.39700934579439,107,113114.28000000004,359,-2.1258225,1.7093163,High-Tier
10771,87,2019,49.04149425287357,87,103833.78999999995,361,1.0377314,0.5116967,Low-Tier
10601,69,1847,52.28347826086957,69,91655.02000000002,357,3.6678536,-0.96284443,Low-Tier
10603,92,2308,50.14891304347826,92,121409.53,359,-0.5723351,-0.0395527,Mid-Tier
10146,91,2355,49.076043956043954,91,117112.60000000002,363,-0.47232452,0.5453734,Mid-Tier
10848,102,2592,51.97813725490197,101,128559.44999999997,366,-2.5267766,0.021708086,High-Tier
10629,91,2325,51.10065934065935,91,117100.34999999993,357,-0.34742764,-0.3485937,Mid-Tier
10023,97,2640,45.734020618556706,97,122873.56999999998,365,-1.7864552,1.7462676,High-Tier
10244,91,2362,51.25824175824176,91,121682.0,363,-0.68000925,-0.170868,Mid-Tier
10818,97,2403,48.61020618556702,97,116713.54000000001,359,-1.1039467,0.6786952,Mid-Tier
10360,80,1919,49.655625,80,101311.52000000002,347,2.31352,-0.57314354,Low-Tier
10296,90,2148,50.24699999999999,90,104581.82999999997,361,0.42165178,0.28170383,Mid-Tier
10441,82,2162,52.57231707317074,82,116957.23999999996,362,0.7943083,-0.8311787,Mid-Tier
10997,94,2155,52.9826595744681,94,115111.36000000004,361,-0.41320097,-0.59532166,Mid-Tier
10545,93,2244,48.185268817204296,93,117414.16,359,-0.3882039,0.61632067,Mid-Tier
10852,103,2511,51.912524271844646,103,129492.18000000001,356,-2.3673139,-0.47074082,High-Tier
10113,93,2312,44.69075268817203,93,108721.20999999999,356,-0.10270298,1.6611502,Mid-Tier
10652,73,1828,53.63479452054795,73,89887.74999999999,362,3.1982648,-0.9369858,Low-Tier
10542,80,1897,60.55587499999999,80,107242.28000000003,356,1.7297672,-3.3492656,Low-Tier
10450,78,2233,55.63730769230768,78,121541.59999999998,362,0.87389076,-1.9032265,Mid-Tier
10674,103,2718,54.25456310679611,103,150323.58,363,-3.5944169,-1.1569504,High-Tier
10974,83,1967,46.63698795180723,83,92929.02,357,2.0388339,1.083564,Low-Tier
10406,81,1951,50.867777777777775,81,103986.97000000003,354,1.8968295,-0.57536703,Low-Tier
10193,95,2497,53.38842105263159,95,129880.55999999998,364,-1.6874189,-0.73755807,High-Tier
10916,83,2005,51.386987951807235,83,101364.54999999999,357,1.590891,-0.4370501,Low-Tier
10214,90,2386,45.48466666666666,90,107539.93000000001,363,-0.0393628,1.7491102,Mid-Tier
10989,91,2497,50.174175824175805,91,124964.01000000001,361,-0.96911305,0.0056059454,Mid-Tier
10714,88,2386,48.83261363636362,88,115627.38999999998,364,-0.17624298,0.6145999,Mid-Tier
10825,77,1963,42.30012987012986,77,78172.91,364,3.1153448,2.805383,Low-Tier
10712,96,2358,49.759479166666665,96,107887.94000000003,366,-0.80406755,0.8528675,Mid-Tier
10585,106,2507,51.07962264150946,106,127938.74999999996,364,-2.7700062,0.3011903,High-Tier
10329,85,2017,47.7505882352941,85,93957.59,362,1.5736991,1.0771871,Low-Tier
10384,95,2366,54.9302105263158,95,127723.20999999999,364,-1.4125954,-1.1698046,Mid-Tier
10985,78,1943,52.54282051282051,78,96222.88000000002,351,2.4921498,-1.1377664,Low-Tier
10069,89,2315,54.10471910112359,89,123215.06999999998,362,-0.47446144,-1.1408995,Mid-Tier
10401,101,2569,51.43,101,127693.95000000003,363,-2.3311307,0.020041876,High-Tier
10676,77,1977,46.95870129870131,77,100877.63000000002,356,2.4294019,0.59233916,Low-Tier
10661,78,2169,51.9648717948718,78,114245.34999999999,360,1.3482512,-0.8241267,Low-Tier
10139,89,2195,50.88348314606743,89,112127.09999999999,362,0.1721255,-0.024128664,Mid-Tier
10622,83,2238,49.75156626506022,83,109858.33000000003,349,1.0876573,-0.49291483,Low-Tier
10704,84,1846,50.838095238095235,84,93186.62000000004,357,2.0481868,-0.12409082,Low-Tier
10118,96,2363,52.68708333333333,96,125838.85,360,-1.3230125,-0.6664917,Mid-Tier
10164,97,2304,48.25659793814433,97,106938.28999999998,366,-0.7442017,1.3161825,Mid-Tier
10097,92,2511,50.876956521739125,92,132467.79,361,-1.3521026,-0.31801596,High-Tier
10253,87,1984,47.8726436781609,87,93808.45000000003,363,1.4030397,1.1485453,Low-Tier
10832,85,2107,52.887176470588244,85,101325.75000000003,359,1.1107224,-0.67018574,Low-Tier
10699,83,1920,48.268192771084315,83,92720.56,357,2.0937088,0.6092572,Low-Tier
10592,78,1919,51.67602564102564,78,107241.44,346,2.3149083,-1.386563,Low-Tier
10284,79,2014,56.17265822784812,78,112298.44,363,1.4843019,-1.8583434,Low-Tier
10805,110,3009,51.67009090909089,110,149860.22000000003,363,-4.8135614,-0.11138857,High-Tier
10729,94,2309,46.42127659574469,94,107886.07999999996,356,-0.22057769,1.2151513,Mid-Tier
10178,93,2133,49.31043010752687,93,104596.11000000004,360,0.16982882,0.58448726,Mid-Tier
10504,68,1826,52.6135294117647,68,98288.76999999999,358,3.5814419,-1.1819316,Low-Tier
10030,90,2145,54.65511111111112,89,111084.94000000002,355,0.28985804,-1.4363652,Mid-Tier
10844,97,2481,53.01546391752576,97,129814.46,355,-1.6846018,-1.035766,High-Tier
10314,93,2094,57.156989247311834,92,123080.93999999999,352,-0.3099853,-2.4792879,Mid-Tier
10616,68,1610,49.88231884057971,69,80105.03,363,4.4642005,0.18885092,Low-Tier
10568,75,2123,52.254,74,112585.67999999998,365,1.7563735,-0.73524463,Low-Tier
10577,99,2541,48.46797979797981,99,120164.00000000004,365,-1.7980534,1.0563436,High-Tier
10608,93,2400,48.93344086021506,93,117559.38,355,-0.6248957,0.23985009,Mid-Tier
10041,93,2522,48.36946236559138,93,120873.75000000003,359,-1.0208073,0.57192457,Mid-Tier
10239,83,2132,53.41024096385542,83,114914.63999999997,365,0.72736806,-0.8509995,Mid-Tier
10692,89,2263,53.619325842696625,89,119660.35,362,-0.25512406,-0.94283324,Mid-Tier
10332,96,2258,51.958854166666676,96,120021.06,361,-0.947949,-0.31560048,Mid-Tier
10777,97,2594,50.527113402061865,97,132019.0,363,-2.060836,0.07118938,High-Tier
10646,91,2172,52.204615384615394,91,109916.63000000002,364,-0.00217953,-0.1968977,Mid-Tier
10790,96,2666,50.414375,96,135814.21000000002,362,-2.1836884,-0.0376109,High-Tier
10126,99,2654,50.925353535353544,99,130131.83999999997,358,-2.2411504,-0.18084605,High-Tier
10593,76,2110,51.2792105263158,76,111260.01999999999,359,1.8020972,-0.69561636,Low-Tier
10519,79,2136,47.04392405063291,79,100363.8,352,2.0090497,0.48083815,Low-Tier
10226,75,2140,52.06560000000001,75,117456.13,360,1.6225666,-1.0207299,Low-Tier
10055,102,2526,51.66862745098038,101,137707.19000000003,365,-2.6592696,-0.15324588,High-Tier
10971,87,2157,50.91206896551724,87,104409.35,355,0.8333295,-0.30181628,Mid-Tier
10466,92,2166,51.36293478260869,92,109915.90000000004,361,-0.018970005,-0.08223784,Mid-Tier
10188,94,2458,50.340425531914896,94,119295.71999999997,366,-1.1443142,0.4149791,Mid-Tier
10231,93,2201,53.95698924731182,93,118426.02000000003,359,-0.47929004,-1.0628562,Mid-Tier
10865,77,2118,47.61792207792209,77,102634.88,362,1.9771899,0.71680355,Low-Tier
10508,82,2032,50.28463414634147,82,100024.74999999997,361,1.6375211,0.08820339,Low-Tier
10370,90,2491,52.94255555555556,90,131956.37,359,-1.0952656,-1.0659266,Mid-Tier
10245,110,2613,48.59500000000002,110,134000.14,355,-3.348807,0.5727166,High-Tier
10756,110,2670,45.83190909090909,110,125737.17000000003,365,-3.3284242,2.064829,High-Tier
10050,94,2352,52.76904255319148,94,131086.61000000004,360,-1.2523396,-0.86476976,Mid-Tier
10322,86,1995,47.498604651162786,86,99023.96999999999,363,1.3372855,1.1179606,Low-Tier
10221,107,2570,44.766728971962614,107,115701.55999999997,362,-2.423719,2.3046234,High-Tier
10621,80,1965,58.10237500000003,80,111516.04999999997,362,1.4121109,-2.411686,Low-Tier
10198,104,2583,50.09259615384615,104,129178.29999999997,364,-2.7122555,0.5173636,High-Tier
10564,93,2366,50.27451612903224,93,120711.18000000002,349,-0.5738692,-0.5270343,Mid-Tier
10555,95,2541,50.47136842105264,95,134978.70999999996,361,-1.7980729,-0.15466979,High-Tier
10931,89,2041,50.499887640449444,89,103207.90000000001,362,0.74627155,0.22815365,Mid-Tier
10413,89,2245,53.34337078651685,89,119444.62999999998,351,0.0074574174,-1.4301361,Mid-Tier
10575,78,1976,53.63115384615385,78,104023.92000000001,356,2.064321,-1.3457,Low-Tier
10299,89,2375,49.58404494382023,89,120202.56000000001,360,-0.3445206,0.12593111,Mid-Tier
10891,102,2739,49.84745098039213,102,140518.95999999996,350,-2.861065,-0.3867457,High-Tier
10148,99,2462,47.702424242424236,99,120416.82999999996,355,-1.443348,0.7323749,High-Tier
10428,101,2595,51.67297029702971,101,133396.47,356,-2.4252532,-0.5214204,High-Tier
10951,92,2446,53.14184782608695,92,130746.45999999996,358,-1.1732895,-1.1005251,Mid-Tier
10591,74,1862,48.01094594594595,74,90647.95999999999,352,3.3363311,0.17684498,Low-Tier
10588,73,1944,53.38438356164383,73,106549.75000000001,364,2.4317896,-1.0798227,Low-Tier
10203,93,2377,55.53354838709677,93,125102.0,357,-1.0150273,-1.7043645,Mid-Tier
10705,87,2091,55.88747126436784,87,120967.05999999998,360,0.22533885,-1.8310175,Mid-Tier
10157,88,2227,50.79488636363636,88,110607.42000000001,357,0.3665916,-0.24511977,Mid-Tier
10229,75,1819,51.73746666666666,75,93385.65000000001,358,3.0167193,-0.61669,Low-Tier
10630,102,2463,48.231666666666676,102,114572.99,365,-1.7948362,1.3105525,High-Tier
10389,91,2477,45.67516483516484,91,115561.85,364,-0.58983177,1.6344256,Mid-Tier
10357,102,2693,50.58882352941176,102,132654.41,365,-2.843137,0.32490626,High-Tier
10784,80,2015,45.93100000000001,80,95547.09999999999,359,2.1676428,1.254607,Low-Tier
10418,79,2002,53.0013924050633,79,113530.86,352,1.7075559,-1.5336818,Low-Tier
10967,99,2458,52.07818181818182,99,125110.03999999998,364,-1.8638711,-0.15250401,High-Tier
10576,84,2202,55.712738095238116,84,127816.25,366,0.013785388,-1.6765987,Mid-Tier
10301,83,1913,51.94638554216868,83,100253.44000000005,363,1.6665891,-0.2915854,Low-Tier
10419,93,2284,54.6816129032258,93,125009.18,362,-0.9150877,-1.2296853,Mid-Tier
10521,99,2554,47.12717171717171,99,122107.70000000001,366,-1.8695962,1.4528241,High-Tier
10372,108,2740,45.629629629629626,108,125616.34,361,-3.158032,1.8786327,High-Tier
10478,91,2434,44.997032967032965,91,109233.77999999998,349,-0.002980767,1.1776192,Mid-Tier
10051,104,2536,51.88288461538462,104,131774.45000000004,360,-2.6697552,-0.26688978,High-Tier
10182,75,2011,52.03720000000001,75,103915.95,351,2.4606147,-1.227636,Low-Tier
10644,97,2633,49.95608247422676,97,129030.08000000002,356,-1.8903672,-0.05146395,High-Tier
10717,95,2543,48.157157894736834,95,123157.08000000003,352,-1.203169,0.29200768,High-Tier
10499,88,2315,43.20522727272728,88,100484.27999999996,359,0.66053677,2.2599928,Mid-Tier
10270,91,2332,51.95516483516486,91,121720.22000000003,352,-0.426458,-0.94435096,Mid-Tier
10089,77,2157,48.17454545454545,77,103362.19000000003,332,2.4556582,-0.9874761,Low-Tier
10952,78,1977,53.00320512820512,78,102727.75,350,2.2353785,-1.4474403,Low-Tier
10775,94,2370,54.35010638297873,94,132352.90999999997,351,-1.1874461,-1.7993978,Mid-Tier
10492,83,2143,48.05481927710845,83,102981.76,355,1.4023823,0.4162159,Low-Tier
10596,90,2307,54.72400000000002,90,130706.25,362,-0.81380147,-1.4468585,Mid-Tier
10922,88,2398,49.2784090909091,88,115595.65,363,-0.18900064,0.44029018,Mid-Tier
10273,79,2190,52.40569620253166,79,115528.47,357,1.2099193,-1.0942394,Low-Tier
10042,94,2396,48.58755319148938,93,112966.64999999998,362,-0.6575191,0.8089773,Mid-Tier
10759,89,2238,48.26831460674158,89,108355.01,353,0.44822755,0.3508198,Mid-Tier
10196,82,1786,48.8369512195122,82,87705.5,356,2.6131828,0.43167752,Low-Tier
10874,100,2384,50.6163,100,122502.25999999998,362,-1.6769968,0.22543098,High-Tier
10543,94,2281,51.104361702127655,94,116455.35000000002,365,-0.7236322,0.15407394,Mid-Tier
10981,90,2263,52.65366666666666,90,116696.6,361,-0.22755797,-0.6259287,Mid-Tier
10151,86,2321,45.16720930232558,86,102726.89000000001,362,0.68794364,1.7481531,Mid-Tier
10552,90,2246,53.125555555555565,90,116876.73999999999,360,-0.19316424,-0.8205814,Mid-Tier
10987,86,2085,53.41616279069768,86,107695.85999999999,344,1.1283394,-1.7017025,Low-Tier
10258,93,2238,47.13311827956989,92,102567.19,361,0.122871935,1.314519,Mid-Tier
10158,79,1892,47.90708860759494,79,90287.36000000002,366,2.4831648,1.0952966,Low-Tier
10280,94,2245,52.58436170212765,94,124820.49999999999,360,-0.853273,-0.7113612,Mid-Tier
10516,89,2032,47.873483146067414,89,102377.28,364,0.81354564,1.0945098,Mid-Tier
10031,86,2266,49.77883720930232,86,115556.12999999999,361,0.3011717,0.096020274,Mid-Tier
10645,95,2253,49.35747368421055,95,112912.32000000004,362,-0.567484,0.59495085,Mid-Tier
10548,85,2148,50.74247058823528,85,101312.63,360,1.0668522,0.0048116622,Low-Tier
10707,78,1821,51.05474358974361,78,95427.39,355,2.703252,-0.5267804,Low-Tier
10277,93,2395,52.05559139784946,93,124803.72999999998,359,-0.994134,-0.5986004,Mid-Tier
10713,84,2111,53.89892857142856,84,112593.05,357,0.87615114,-1.328039,Mid-Tier
10460,107,2543,49.78196261682241,107,127066.78999999998,362,-2.8470263,0.6277957,High-Tier
10222,84,2053,50.944166666666675,84,114107.96999999996,356,1.0293607,-0.5858883,Low-Tier
10738,92,2132,50.37815217391305,92,106314.36000000002,360,0.19981377,0.21302879,Mid-Tier
10173,75,1984,49.976266666666646,75,94971.79999999997,359,2.681615,-0.048582803,Low-Tier
10658,84,2243,48.38333333333334,84,103884.90999999999,361,0.9542141,0.6716151,Mid-Tier
10679,88,2140,44.12465909090909,88,89222.76999999997,359,1.3148941,2.1840153,Low-Tier
10773,104,2727,49.30048076923078,104,139376.67,366,-3.3178632,0.67317855,High-Tier
10672,86,2240,58.50744186046512,86,136874.19999999998,355,-0.4050003,-3.156953,Mid-Tier
10659,98,2631,53.04908163265303,98,141107.15000000002,364,-2.5998137,-0.7463012,High-Tier
10992,99,2470,49.480808080808096,99,122787.47000000004,361,-1.6925186,0.48615888,High-Tier
10455,77,1994,48.26519480519481,77,98848.08999999997,354,2.467803,0.16479468,Low-Tier
10321,89,2042,48.51022471910113,89,101355.37999999999,357,0.9480801,0.57770044,Mid-Tier
10695,102,2548,52.91490196078432,102,138722.32,366,-2.8354583,-0.45676783,High-Tier
10649,78,1944,45.582179487179474,78,90748.49999999997,364,2.5744193,1.6301022,Low-Tier
10335,98,2637,50.46438775510205,98,132117.73,363,-2.250236,0.13012913,High-Tier
10969,86,2237,49.76860465116278,86,112944.96999999997,358,0.4953934,-0.008700195,Mid-Tier
10047,101,2619,51.593762376237606,101,138269.50999999995,343,-2.3645833,-1.2624879,High-Tier
10884,78,1865,50.85064102564102,78,91479.73000000001,351,2.8263586,-0.5782305,Low-Tier
10337,104,2784,50.31798076923075,104,143083.55000000002,360,-3.446698,0.01334693,High-Tier
10123,99,2379,46.43898989898991,99,115610.73999999999,359,-1.186593,1.3751097,Mid-Tier
10609,81,1974,55.85740740740741,81,114067.47999999997,360,1.3027054,-1.8949618,Low-Tier
10039,83,1977,50.040240963855446,83,96288.60999999999,365,1.6766074,0.4566827,Low-Tier
10816,82,1975,50.97963414634146,82,105629.06999999996,362,1.5342984,-0.19311383,Low-Tier
10919,78,2177,46.81961538461539,78,96760.26999999999,360,1.9998504,1.0130717,Low-Tier
10021,82,1837,47.49292682926829,82,85761.55999999998,361,2.5125506,1.1275359,Low-Tier
10256,75,1734,47.15093333333332,75,87960.71999999999,366,3.298837,1.191365,Low-Tier
10741,93,2225,52.01365591397849,93,108132.70000000001,362,-0.21700805,-0.13101576,Mid-Tier
10491,88,2229,50.25886363636362,88,120539.11999999994,363,-0.04921756,0.007511354,Mid-Tier
10888,76,1887,56.12631578947368,75,104202.77999999998,365,2.256821,-1.700752,Low-Tier
10102,72,1965,48.045416666666675,72,98014.03,359,2.9918058,0.34041974,Low-Tier
10274,81,2063,49.90172839506173,81,111473.04000000001,356,1.4394168,-0.3221856,Low-Tier
10749,88,2103,52.02488636363638,88,106807.73,357,0.6867387,-0.5518706,Mid-Tier
10353,106,2607,51.23556603773585,106,133282.27999999994,352,-2.8916392,-0.44330013,High-Tier
10379,87,2266,50.832758620689674,87,114182.57999999999,362,0.19121285,-0.093501665,Mid-Tier
10924,101,2412,50.25623762376237,101,124731.2,362,-1.8970264,0.31991965,High-Tier
10856,81,1959,53.675432098765434,81,107962.79,359,1.59251,-1.20018,Low-Tier
10999,75,2039,42.912400000000005,75,88628.35,355,3.0250907,1.9091321,Low-Tier
10204,80,1885,47.880875,80,92247.12,362,2.4072945,0.88453764,Low-Tier
10523,97,2273,52.70659793814432,97,116150.50999999998,365,-1.0600069,-0.20674004,Mid-Tier
10590,88,2297,48.46738636363637,88,106600.37,363,0.29856935,0.8314535,Mid-Tier
10537,87,2192,48.55540229885058,87,108722.70999999999,358,0.63269776,0.4435521,Mid-Tier
10298,108,2979,53.57675925925926,108,157381.12999999998,362,-4.802457,-0.93461525,High-Tier
10048,88,2183,50.71170454545454,88,115183.97,356,0.32892993,-0.38195357,Mid-Tier
10250,97,2445,56.02567010309278,97,146684.05,339,-1.8993607,-3.0817282,High-Tier
10175,94,2188,52.8467021276596,94,116745.07999999999,363,-0.5615073,-0.47857267,Mid-Tier
10843,89,2400,50.011123595505616,89,125503.48999999999,362,-0.60509276,0.0026417295,Mid-Tier
10821,85,2027,51.28611764705883,85,99884.06999999998,362,1.2854602,-0.05254718,Low-Tier
10185,97,2453,49.809690721649474,97,119827.27000000003,362,-1.382003,0.43992776,High-Tier
10160,90,2367,48.26677777777778,90,117635.58999999992,366,-0.44281068,0.8921041,Mid-Tier
10386,97,2278,48.81835051546391,97,110674.83000000002,361,-0.7269148,0.8128684,Mid-Tier
10892,78,1931,53.79871794871795,78,101834.44,345,2.4278429,-1.9257469,Low-Tier
10694,68,1636,44.234705882352934,68,71913.04999999996,357,4.9776425,1.6551948,Low-Tier
10598,87,2342,51.40425287356321,87,113533.01,363,0.03541879,-0.16922663,Mid-Tier
10778,108,2710,50.156851851851876,108,136857.63000000003,354,-3.4229035,-0.01705846,High-Tier
10883,102,2692,55.014803921568635,102,145938.80999999994,356,-3.1839924,-1.6792684,High-Tier
10547,86,1988,52.774302325581395,86,106249.84,366,0.9395931,-0.38598695,Mid-Tier
10436,79,1870,49.836582278481,79,96240.45,365,2.312708,0.36213213,Low-Tier
10804,77,1998,47.09532467532467,77,95055.40999999997,361,2.4690955,0.9390185,Low-Tier
10305,83,2101,53.34662650602409,83,107615.3,348,1.3460422,-1.5618223,Low-Tier
10219,106,2657,52.716792452830184,106,137974.19000000003,363,-3.382117,-0.384503,High-Tier
10429,80,2202,46.44775,80,105487.41,353,1.614316,0.64414865,Low-Tier
10670,87,2153,46.18804597701149,87,101868.35000000002,365,0.8385063,1.6110806,Mid-Tier
10726,91,2507,49.282967032967036,91,125176.79,358,-0.9140127,0.10393199,Mid-Tier
10819,84,2224,47.05035714285716,84,103369.59000000001,357,1.1165385,0.8513727,Low-Tier
10702,82,2211,51.21475609756097,82,119241.26999999996,365,0.6059931,-0.32382873,Mid-Tier
10689,95,2462,53.38284210526316,95,131258.11,363,-1.6447651,-0.8265474,High-Tier
10688,88,2188,53.403977272727275,88,115632.56,354,0.27938142,-1.260209,Mid-Tier
10655,90,2115,44.40111111111111,90,98288.35000000002,355,0.93805647,1.7627565,Low-Tier
10373,86,2264,57.29639534883721,86,128102.89,360,-0.24683207,-2.3631325,Mid-Tier
10890,72,1756,47.723611111111104,72,77601.51,360,4.0038676,0.85242254,Low-Tier
10307,85,2084,52.35964705882355,85,113134.54999999999,362,0.7421881,-0.620937,Mid-Tier
10842,93,2510,48.90010752688173,93,117576.97000000002,363,-0.98747253,0.69211626,Mid-Tier
10328,85,2065,46.2595294117647,85,91994.36000000003,359,1.6395584,1.4033879,Low-Tier
10944,104,2633,43.06942307692308,104,117356.54999999999,355,-2.092808,2.3204122,High-Tier
10278,91,2337,49.689450549450555,91,114728.24000000003,358,-0.28173006,0.15852275,Mid-Tier
10814,89,2102,50.439101123595506,89,104351.73999999996,362,0.5980093,0.2391629,Mid-Tier
10959,82,2062,51.84792682926829,82,106881.78999999998,358,1.3896978,-0.6472335,Low-Tier
10179,86,1979,48.83604651162789,86,95145.89999999998,353,1.6507213,0.29979533,Low-Tier
10793,99,2592,55.412323232323246,99,145454.63,348,-2.5127108,-2.3144693,High-Tier
10628,75,2040,49.29760000000002,74,102456.1,355,2.4933727,-0.2172561,Low-Tier
10970,98,2415,47.215918367346944,98,115762.65000000001,363,-1.2487186,1.3358493,Mid-Tier
10908,89,2189,57.75280898876402,89,128425.31,366,-0.5667338,-2.121689,Mid-Tier
10744,79,2223,54.94822784810124,79,114225.34999999996,356,1.1461992,-1.8333893,Low-Tier
10387,86,2258,53.108372093023256,86,111217.79,366,0.27162617,-0.5071924,Mid-Tier
10060,82,2200,47.495853658536575,82,108230.37999999999,349,1.3714159,0.14271624,Low-Tier
10120,83,1850,43.16048192771083,83,84180.92000000001,358,2.5939558,2.2761073,Low-Tier
10991,97,2453,54.22329896907216,97,134114.98000000004,358,-1.8534385,-1.3246098,High-Tier
10876,91,2424,49.663846153846166,91,121317.37999999998,364,-0.76572937,0.36076593,Mid-Tier
10085,85,2210,51.618941176470585,85,112000.03,349,0.8138346,-1.0172578,Mid-Tier
10500,103,2607,48.939417475728156,103,128484.13000000003,359,-2.5024776,0.58014655,High-Tier
10288,88,2273,51.97602272727272,88,114252.24999999999,358,0.11920444,-0.59377867,Mid-Tier
10636,84,2014,51.539880952380955,84,106189.31000000003,344,1.56824,-1.2170174,Low-Tier
10968,81,2283,51.3235802469136,81,115574.66,350,0.98305583,-1.0581363,Low-Tier
10513,99,2301,49.11848484848485,98,118315.34000000001,360,-1.1552783,0.5676675,Mid-Tier
10038,85,2046,47.396235294117645,85,95413.41,360,1.5220569,1.0532222,Low-Tier
10439,84,2221,44.515952380952385,84,100617.56999999998,350,1.4061188,1.2712055,Low-Tier
10923,108,2780,47.176111111111126,108,131220.7,361,-3.4441547,1.3314363,High-Tier
10693,105,2540,50.579523809523806,105,131411.69000000003,365,-2.8395464,0.40102094,High-Tier
10494,90,2239,51.61666666666667,90,108436.21999999999,363,0.05927147,-0.0606207,Mid-Tier
10515,69,1641,47.65811594202898,69,85552.55,366,4.1790705,0.8867003,Low-Tier
10145,101,2427,49.777821782178215,101,123300.36000000003,362,-1.8691937,0.4907925,High-Tier
10071,96,2399,55.231562499999995,96,126654.67,360,-1.4776099,-1.3985437,High-Tier
10437,92,2152,52.28728260869565,92,112837.59999999998,365,-0.1840376,-0.20577545,Mid-Tier
10730,97,2652,52.786597938144325,97,141464.35999999996,359,-2.4386299,-0.9604378,High-Tier
10783,94,2220,42.72627659574468,94,98968.84999999999,360,0.2338595,2.635859,Mid-Tier
10076,97,2318,48.04154639175257,97,112718.56999999998,361,-0.8462814,1.0029346,Mid-Tier
10324,82,2061,53.35487804878049,82,106892.52000000003,348,1.5504706,-1.5912218,Low-Tier
10809,101,2572,56.16782178217821,101,149112.1,358,-3.0173042,-2.0375469,High-Tier
10546,80,2093,48.404875,80,104923.03,361,1.6317828,0.47747734,Low-Tier
10156,86,2117,48.26720930232559,86,108845.39999999998,360,0.84456843,0.573447,Mid-Tier
10533,87,1994,52.86954022988508,87,109876.80000000002,357,0.88271177,-0.9196226,Mid-Tier
10232,105,2594,50.47876190476191,105,128524.06,361,-2.7705207,0.3007069,High-Tier
10624,83,2193,47.95927710843374,83,111495.03000000003,365,0.8514871,0.7926685,Mid-Tier
10217,98,2546,48.12397959183673,98,118323.57999999999,359,-1.5172579,0.8556633,High-Tier
10929,95,2362,52.853052631578954,95,127601.25,360,-1.2724694,-0.78181535,Mid-Tier
10275,80,1924,46.87862499999999,80,87884.29000000002,331,3.100887,-0.31958014,Low-Tier
10399,82,1879,46.52451219512197,82,79003.23000000001,362,2.6470957,1.6094995,Low-Tier
10242,96,2479,51.98197916666666,96,126002.32000000002,358,-1.4891465,-0.5379287,High-Tier
10789,85,2208,49.11835294117647,85,106294.56,361,0.8200274,0.43177885,Mid-Tier
10762,96,2525,50.90333333333333,95,125404.51999999999,354,-1.3986317,-0.42534393,High-Tier
10581,88,1969,48.142727272727264,88,92151.28000000001,354,1.5449045,0.67019475,Low-Tier
10853,91,2154,49.76109890109889,91,103180.79,349,0.5933721,-0.13457902,Mid-Tier
10192,100,2633,49.01789999999999,100,124218.58999999997,366,-2.2362726,0.9230106,High-Tier
10711,102,2516,51.39696078431371,102,124656.92000000003,364,-2.2638206,0.15996999,High-Tier
10887,96,2356,50.69302083333334,96,119694.56999999995,359,-1.0515431,-0.022115696,Mid-Tier
10191,92,2368,51.71152173913045,92,129987.87000000002,360,-1.0080183,-0.5967441,Mid-Tier
10933,77,1860,42.24571428571428,76,73410.90999999999,364,3.510801,2.8758233,Low-Tier
10836,106,2689,48.87905660377358,106,134719.31999999998,363,-3.2479765,0.78736717,High-Tier
10988,96,2389,51.99979166666666,96,125343.33999999994,350,-1.1438103,-0.9664442,Mid-Tier
10642,87,2309,52.892873563218394,87,126383.31999999998,360,-0.27812728,-1.0278925,Mid-Tier
10893,86,2017,50.6339534883721,86,98622.31,365,1.1930877,0.34179905,Low-Tier
10678,98,2626,46.09612244897959,98,124843.13000000002,362,-1.8785393,1.4739546,High-Tier
10189,85,2173,50.53094117647057,85,114899.11000000002,361,0.58480215,-0.16224687,Mid-Tier
10827,94,2316,53.42648936170213,93,124741.22000000003,365,-1.0486534,-0.6874778,Mid-Tier
10936,98,2357,51.888775510204084,98,127115.89,356,-1.4681246,-0.61186767,High-Tier
10488,107,2846,50.46598130841123,107,143708.15999999992,365,-4.005617,0.3248502,High-Tier
10383,89,2108,53.4770786516854,89,107665.85999999999,357,0.50820106,-0.9518427,Mid-Tier
10719,99,2681,55.32272727272727,99,151455.19,364,-3.176546,-1.5671287,High-Tier
10566,80,1926,50.842499999999994,80,96501.00000000003,357,2.2246478,-0.2942953,Low-Tier
10878,102,2522,56.291960784313694,102,145833.28,352,-2.8148403,-2.2961795,High-Tier
10855,82,1994,51.108170731707304,82,103454.38000000002,362,1.5629134,-0.17844152,Low-Tier
10691,77,1943,48.03688311688312,77,94663.86000000002,356,2.6593363,0.40589452,Low-Tier
10420,101,2508,52.90198019801981,101,133152.41,360,-2.3628833,-0.6864173,High-Tier
10467,61,1531,54.963114754098356,61,85809.91999999998,360,5.1754217,-1.7864584,Low-Tier
10034,97,2364,47.93123711340208,97,112077.39,355,-0.7924264,0.7529435,Mid-Tier
10921,100,2653,48.37609999999999,100,121895.57000000004,365,-2.166621,1.1093098,High-Tier
10262,87,2164,48.56436781609196,87,105847.51999999999,359,0.7544068,0.54476124,Mid-Tier
10834,84,2051,51.65988095238096,84,103409.99,363,1.2098987,-0.20556584,Low-Tier
10481,89,2057,45.283707865168545,89,101858.4,366,0.8065573,1.953761,Mid-Tier
10857,94,2255,48.459361702127666,94,110791.61000000002,357,-0.27850068,0.60864776,Mid-Tier
10941,89,2370,47.91651685393258,89,112731.09000000003,353,0.07388531,0.3974149,Mid-Tier
10110,101,2950,54.03207920792079,101,157772.47999999995,357,-3.9223797,-1.5523548,High-Tier
10064,82,2000,52.62109756097563,82,102569.49999999997,359,1.6010485,-0.7435231,Low-Tier
10218,112,2802,51.97607142857142,112,137877.26000000004,357,-4.159021,-0.25371334,High-Tier
10403,94,2474,52.60968085106382,94,132153.63,343,-1.177162,-1.6798804,High-Tier
10725,81,1777,48.52172839506173,81,83812.04999999999,356,2.865572,0.5702676,Low-Tier
10867,79,2097,53.0039240506329,79,110228.68000000002,353,1.6121365,-1.3858358,Low-Tier
